-- Auto-generated seed data from YAML files
-- Generated on 2026-02-17T00:22:08.222Z

INSERT INTO topics (id, name, display_name) VALUES (1, 'backend', 'Backend');
INSERT INTO subtopics (id, topic_id, name, display_name, description) VALUES (1, 1, 'background_jobs', 'Background Jobs', NULL);
INSERT INTO subtopics (id, topic_id, name, display_name, description) VALUES (2, 1, 'caching', 'Caching', NULL);
INSERT INTO subtopics (id, topic_id, name, display_name, description) VALUES (3, 1, 'concurrency', 'Concurrency', NULL);
INSERT INTO subtopics (id, topic_id, name, display_name, description) VALUES (4, 1, 'data_modeling', 'Data Modeling', NULL);
INSERT INTO subtopics (id, topic_id, name, display_name, description) VALUES (5, 1, 'databases', 'Databases', NULL);
INSERT INTO subtopics (id, topic_id, name, display_name, description) VALUES (6, 1, 'elastic_search', 'Elastic Search', NULL);
INSERT INTO subtopics (id, topic_id, name, display_name, description) VALUES (7, 1, 'observability', 'Observability', NULL);
INSERT INTO subtopics (id, topic_id, name, display_name, description) VALUES (8, 1, 'scalability', 'Scalability', NULL);
INSERT INTO topics (id, name, display_name) VALUES (2, 'general', 'General');
INSERT INTO subtopics (id, topic_id, name, display_name, description) VALUES (9, 2, 'questions', 'Questions', 'Common software engineering, backend, and web development questions (free-text)');
INSERT INTO subtopics (id, topic_id, name, display_name, description) VALUES (10, 1, 'rails', 'Rails', NULL);
INSERT INTO topics (id, name, display_name) VALUES (3, 'frontend', 'Frontend');
INSERT INTO subtopics (id, topic_id, name, display_name, description) VALUES (11, 3, 'react', 'React', NULL);
INSERT INTO topics (id, name, display_name) VALUES (4, 'rest_api', 'Rest Api');
INSERT INTO subtopics (id, topic_id, name, display_name, description) VALUES (12, 4, 'authentication_and_authorization', 'Authentication And Authorization', NULL);
INSERT INTO subtopics (id, topic_id, name, display_name, description) VALUES (13, 4, 'caching', 'Caching', NULL);
INSERT INTO subtopics (id, topic_id, name, display_name, description) VALUES (14, 4, 'design', 'Design', NULL);
INSERT INTO subtopics (id, topic_id, name, display_name, description) VALUES (15, 4, 'http', 'Http', NULL);
INSERT INTO subtopics (id, topic_id, name, display_name, description) VALUES (16, 4, 'idempotency', 'Idempotency', NULL);
INSERT INTO subtopics (id, topic_id, name, display_name, description) VALUES (17, 4, 'pagination_filtering_sorting', 'Pagination Filtering Sorting', NULL);
INSERT INTO subtopics (id, topic_id, name, display_name, description) VALUES (18, 4, 'rate_limiting', 'Rate Limiting', NULL);
INSERT INTO subtopics (id, topic_id, name, display_name, description) VALUES (19, 4, 'request_response_design', 'Request Response Design', NULL);
INSERT INTO subtopics (id, topic_id, name, display_name, description) VALUES (20, 4, 'status_codes', 'Status Codes', NULL);
INSERT INTO subtopics (id, topic_id, name, display_name, description) VALUES (21, 4, 'versioning', 'Versioning', NULL);
INSERT INTO topics (id, name, display_name) VALUES (5, 'software_engineer', 'Software Engineer');
INSERT INTO subtopics (id, topic_id, name, display_name, description) VALUES (22, 5, 'code_quality', 'Code Quality', NULL);
INSERT INTO subtopics (id, topic_id, name, display_name, description) VALUES (23, 5, 'data_structures_and_complexity', 'Data Structures And Complexity', NULL);
INSERT INTO subtopics (id, topic_id, name, display_name, description) VALUES (24, 5, 'debugging_and_production_issues', 'Debugging And Production Issues', NULL);
INSERT INTO subtopics (id, topic_id, name, display_name, description) VALUES (25, 5, 'secure_coding', 'Secure Coding', NULL);
INSERT INTO subtopics (id, topic_id, name, display_name, description) VALUES (26, 5, 'system_design', 'System Design', NULL);
INSERT INTO subtopics (id, topic_id, name, display_name, description) VALUES (27, 5, 'version_control', 'Version Control', NULL);
INSERT INTO questions (id, external_id, subtopic_id, question, question_type, correct_answer, correct_index, explanation, learn) VALUES (1, 'bj_001', 1, 'What is the primary purpose of background jobs?', 'multiple_choice', 'Offload long-running or non-blocking work from request/response', 1, 'Background jobs improve responsiveness and reliability.', NULL);
INSERT INTO options (id, question_id, option_index, option_text) VALUES (1, 1, 0, 'Speed up database queries');
INSERT INTO options (id, question_id, option_index, option_text) VALUES (2, 1, 1, 'Offload long-running or non-blocking work from request/response');
INSERT INTO options (id, question_id, option_index, option_text) VALUES (3, 1, 2, 'Render UI components');
INSERT INTO options (id, question_id, option_index, option_text) VALUES (4, 1, 3, 'Cache API responses');
INSERT INTO questions (id, external_id, subtopic_id, question, question_type, correct_answer, correct_index, explanation, learn) VALUES (2, 'bj_002', 1, 'Which type of task is best suited for background processing?', 'multiple_choice', 'Sending emails', 1, 'Email sending is slow and non-critical for immediate response.', NULL);
INSERT INTO options (id, question_id, option_index, option_text) VALUES (5, 2, 0, 'Simple input validation');
INSERT INTO options (id, question_id, option_index, option_text) VALUES (6, 2, 1, 'Sending emails');
INSERT INTO options (id, question_id, option_index, option_text) VALUES (7, 2, 2, 'Rendering a small HTML template');
INSERT INTO options (id, question_id, option_index, option_text) VALUES (8, 2, 3, 'Returning a health check');
INSERT INTO questions (id, external_id, subtopic_id, question, question_type, correct_answer, correct_index, explanation, learn) VALUES (3, 'bj_003', 1, 'What does at-least-once delivery mean?', 'multiple_choice', 'A job may run multiple times', 1, 'At-least-once systems can deliver duplicates.', NULL);
INSERT INTO options (id, question_id, option_index, option_text) VALUES (9, 3, 0, 'A job is guaranteed to run only once');
INSERT INTO options (id, question_id, option_index, option_text) VALUES (10, 3, 1, 'A job may run multiple times');
INSERT INTO options (id, question_id, option_index, option_text) VALUES (11, 3, 2, 'A job will never fail');
INSERT INTO options (id, question_id, option_index, option_text) VALUES (12, 3, 3, 'A job runs synchronously');
INSERT INTO questions (id, external_id, subtopic_id, question, question_type, correct_answer, correct_index, explanation, learn) VALUES (4, 'bj_004', 1, 'Why must background jobs be idempotent?', 'multiple_choice', 'To safely handle retries and duplicate execution', 1, 'Jobs may be retried or delivered more than once.', NULL);
INSERT INTO options (id, question_id, option_index, option_text) VALUES (13, 4, 0, 'To improve UI performance');
INSERT INTO options (id, question_id, option_index, option_text) VALUES (14, 4, 1, 'To safely handle retries and duplicate execution');
INSERT INTO options (id, question_id, option_index, option_text) VALUES (15, 4, 2, 'To reduce memory usage');
INSERT INTO options (id, question_id, option_index, option_text) VALUES (16, 4, 3, 'To improve cache hit rates');
INSERT INTO questions (id, external_id, subtopic_id, question, question_type, correct_answer, correct_index, explanation, learn) VALUES (5, 'bj_005', 1, 'What is a common cause of duplicate job execution?', 'multiple_choice', 'Network failures or worker crashes', 1, 'Failures can cause jobs to be retried.', NULL);
INSERT INTO options (id, question_id, option_index, option_text) VALUES (17, 5, 0, 'Fast workers');
INSERT INTO options (id, question_id, option_index, option_text) VALUES (18, 5, 1, 'Network failures or worker crashes');
INSERT INTO options (id, question_id, option_index, option_text) VALUES (19, 5, 2, 'Large payloads');
INSERT INTO options (id, question_id, option_index, option_text) VALUES (20, 5, 3, 'Slow databases');
INSERT INTO questions (id, external_id, subtopic_id, question, question_type, correct_answer, correct_index, explanation, learn) VALUES (6, 'bj_006', 1, 'What is a dead-letter queue (DLQ)?', 'multiple_choice', 'A queue for jobs that failed permanently', 1, 'DLQs isolate poison messages for inspection.', NULL);
INSERT INTO options (id, question_id, option_index, option_text) VALUES (21, 6, 0, 'A queue for high-priority jobs');
INSERT INTO options (id, question_id, option_index, option_text) VALUES (22, 6, 1, 'A queue for jobs that failed permanently');
INSERT INTO options (id, question_id, option_index, option_text) VALUES (23, 6, 2, 'A cache for failed results');
INSERT INTO options (id, question_id, option_index, option_text) VALUES (24, 6, 3, 'A backup database');
INSERT INTO questions (id, external_id, subtopic_id, question, question_type, correct_answer, correct_index, explanation, learn) VALUES (7, 'bj_007', 1, 'What is exponential backoff used for?', 'multiple_choice', 'Gradually increasing retry delays after failures', 1, 'Backoff reduces load on failing dependencies.', NULL);
INSERT INTO options (id, question_id, option_index, option_text) VALUES (25, 7, 0, 'Increasing job priority');
INSERT INTO options (id, question_id, option_index, option_text) VALUES (26, 7, 1, 'Gradually increasing retry delays after failures');
INSERT INTO options (id, question_id, option_index, option_text) VALUES (27, 7, 2, 'Speeding up retries');
INSERT INTO options (id, question_id, option_index, option_text) VALUES (28, 7, 3, 'Reducing memory usage');
INSERT INTO questions (id, external_id, subtopic_id, question, question_type, correct_answer, correct_index, explanation, learn) VALUES (8, 'bj_008', 1, 'What is a poison pill message?', 'multiple_choice', 'A message that always fails processing', 1, 'Poison pills can block queues.', NULL);
INSERT INTO options (id, question_id, option_index, option_text) VALUES (29, 8, 0, 'A message that deletes the queue');
INSERT INTO options (id, question_id, option_index, option_text) VALUES (30, 8, 1, 'A message that always fails processing');
INSERT INTO options (id, question_id, option_index, option_text) VALUES (31, 8, 2, 'A high-priority message');
INSERT INTO options (id, question_id, option_index, option_text) VALUES (32, 8, 3, 'An encrypted message');
INSERT INTO questions (id, external_id, subtopic_id, question, question_type, correct_answer, correct_index, explanation, learn) VALUES (9, 'bj_009', 1, 'What is a job visibility timeout?', 'multiple_choice', 'Time a job is hidden after being claimed by a worker', 1, 'Prevents multiple workers from processing same job simultaneously.', NULL);
INSERT INTO options (id, question_id, option_index, option_text) VALUES (33, 9, 0, 'Time before a job expires');
INSERT INTO options (id, question_id, option_index, option_text) VALUES (34, 9, 1, 'Time a job is hidden after being claimed by a worker');
INSERT INTO options (id, question_id, option_index, option_text) VALUES (35, 9, 2, 'Time before job is deleted');
INSERT INTO options (id, question_id, option_index, option_text) VALUES (36, 9, 3, 'Time before job is retried automatically');
INSERT INTO questions (id, external_id, subtopic_id, question, question_type, correct_answer, correct_index, explanation, learn) VALUES (10, 'bj_010', 1, 'What happens if a worker crashes during job processing?', 'multiple_choice', 'The job becomes visible again for retry', 2, 'Visibility timeout expiration allows retry.', NULL);
INSERT INTO options (id, question_id, option_index, option_text) VALUES (37, 10, 0, 'The job is lost forever');
INSERT INTO options (id, question_id, option_index, option_text) VALUES (38, 10, 1, 'The job is marked as complete');
INSERT INTO options (id, question_id, option_index, option_text) VALUES (39, 10, 2, 'The job becomes visible again for retry');
INSERT INTO options (id, question_id, option_index, option_text) VALUES (40, 10, 3, 'The queue is deleted');
INSERT INTO questions (id, external_id, subtopic_id, question, question_type, correct_answer, correct_index, explanation, learn) VALUES (11, 'bj_011', 1, 'What is exactly-once processing?', 'multiple_choice', 'Guaranteed single execution without duplicates', 0, 'True exactly-once is very hard to guarantee.', NULL);
INSERT INTO options (id, question_id, option_index, option_text) VALUES (41, 11, 0, 'Guaranteed single execution without duplicates');
INSERT INTO options (id, question_id, option_index, option_text) VALUES (42, 11, 1, 'At-least-once with idempotency');
INSERT INTO options (id, question_id, option_index, option_text) VALUES (43, 11, 2, 'At-most-once delivery');
INSERT INTO options (id, question_id, option_index, option_text) VALUES (44, 11, 3, 'Synchronous processing');
INSERT INTO questions (id, external_id, subtopic_id, question, question_type, correct_answer, correct_index, explanation, learn) VALUES (12, 'bj_012', 1, 'Why is exactly-once processing difficult to achieve?', 'multiple_choice', 'Distributed system failures and retries', 1, 'Failures make duplicates hard to avoid.', NULL);
INSERT INTO options (id, question_id, option_index, option_text) VALUES (45, 12, 0, 'High CPU usage');
INSERT INTO options (id, question_id, option_index, option_text) VALUES (46, 12, 1, 'Distributed system failures and retries');
INSERT INTO options (id, question_id, option_index, option_text) VALUES (47, 12, 2, 'Slow UI rendering');
INSERT INTO options (id, question_id, option_index, option_text) VALUES (48, 12, 3, 'Large payload sizes');
INSERT INTO questions (id, external_id, subtopic_id, question, question_type, correct_answer, correct_index, explanation, learn) VALUES (13, 'bj_013', 1, 'What is job deduplication?', 'multiple_choice', 'Preventing duplicate jobs from being enqueued or processed', 1, 'Deduplication reduces wasted work.', NULL);
INSERT INTO options (id, question_id, option_index, option_text) VALUES (49, 13, 0, 'Deleting all jobs');
INSERT INTO options (id, question_id, option_index, option_text) VALUES (50, 13, 1, 'Preventing duplicate jobs from being enqueued or processed');
INSERT INTO options (id, question_id, option_index, option_text) VALUES (51, 13, 2, 'Speeding up job processing');
INSERT INTO options (id, question_id, option_index, option_text) VALUES (52, 13, 3, 'Encrypting jobs');
INSERT INTO questions (id, external_id, subtopic_id, question, question_type, correct_answer, correct_index, explanation, learn) VALUES (14, 'bj_014', 1, 'What is a fan-out pattern?', 'multiple_choice', 'Splitting one event into multiple downstream jobs', 1, 'Fan-out enables parallel processing.', NULL);
INSERT INTO options (id, question_id, option_index, option_text) VALUES (53, 14, 0, 'Sending one job to many workers');
INSERT INTO options (id, question_id, option_index, option_text) VALUES (54, 14, 1, 'Splitting one event into multiple downstream jobs');
INSERT INTO options (id, question_id, option_index, option_text) VALUES (55, 14, 2, 'Retrying failed jobs');
INSERT INTO options (id, question_id, option_index, option_text) VALUES (56, 14, 3, 'Combining multiple jobs into one');
INSERT INTO questions (id, external_id, subtopic_id, question, question_type, correct_answer, correct_index, explanation, learn) VALUES (15, 'bj_015', 1, 'What is backpressure in job systems?', 'multiple_choice', 'Slowing producers when consumers are overloaded', 1, 'Backpressure prevents overload.', NULL);
INSERT INTO options (id, question_id, option_index, option_text) VALUES (57, 15, 0, 'Increasing queue size');
INSERT INTO options (id, question_id, option_index, option_text) VALUES (58, 15, 1, 'Slowing producers when consumers are overloaded');
INSERT INTO options (id, question_id, option_index, option_text) VALUES (59, 15, 2, 'Speeding up workers');
INSERT INTO options (id, question_id, option_index, option_text) VALUES (60, 15, 3, 'Deleting jobs');
INSERT INTO questions (id, external_id, subtopic_id, question, question_type, correct_answer, correct_index, explanation, learn) VALUES (16, 'bj_016', 1, 'What is job priority used for?', 'multiple_choice', 'Determining processing order', 1, 'Priority ensures critical jobs run first.', NULL);
INSERT INTO options (id, question_id, option_index, option_text) VALUES (61, 16, 0, 'Encrypting jobs');
INSERT INTO options (id, question_id, option_index, option_text) VALUES (62, 16, 1, 'Determining processing order');
INSERT INTO options (id, question_id, option_index, option_text) VALUES (63, 16, 2, 'Reducing retries');
INSERT INTO options (id, question_id, option_index, option_text) VALUES (64, 16, 3, 'Increasing payload size');
INSERT INTO questions (id, external_id, subtopic_id, question, question_type, correct_answer, correct_index, explanation, learn) VALUES (17, 'bj_017', 1, 'What is a common monitoring metric for background jobs?', 'multiple_choice', 'Queue depth', 1, 'Queue depth shows backlog and capacity.', NULL);
INSERT INTO options (id, question_id, option_index, option_text) VALUES (65, 17, 0, 'UI render time');
INSERT INTO options (id, question_id, option_index, option_text) VALUES (66, 17, 1, 'Queue depth');
INSERT INTO options (id, question_id, option_index, option_text) VALUES (67, 17, 2, 'CSS load time');
INSERT INTO options (id, question_id, option_index, option_text) VALUES (68, 17, 3, 'DNS resolution time');
INSERT INTO questions (id, external_id, subtopic_id, question, question_type, correct_answer, correct_index, explanation, learn) VALUES (18, 'bj_018', 1, 'What does a growing queue backlog indicate?', 'multiple_choice', 'Producers are faster than workers', 2, 'Backlog grows when consumption lags.', NULL);
INSERT INTO options (id, question_id, option_index, option_text) VALUES (69, 18, 0, 'Healthy system');
INSERT INTO options (id, question_id, option_index, option_text) VALUES (70, 18, 1, 'Workers are faster than producers');
INSERT INTO options (id, question_id, option_index, option_text) VALUES (71, 18, 2, 'Producers are faster than workers');
INSERT INTO options (id, question_id, option_index, option_text) VALUES (72, 18, 3, 'Low traffic');
INSERT INTO questions (id, external_id, subtopic_id, question, question_type, correct_answer, correct_index, explanation, learn) VALUES (19, 'bj_019', 1, 'What is job timeout?', 'multiple_choice', 'Maximum allowed execution time for a job', 1, 'Timeouts prevent stuck workers.', NULL);
INSERT INTO options (id, question_id, option_index, option_text) VALUES (73, 19, 0, 'Time before job is deleted');
INSERT INTO options (id, question_id, option_index, option_text) VALUES (74, 19, 1, 'Maximum allowed execution time for a job');
INSERT INTO options (id, question_id, option_index, option_text) VALUES (75, 19, 2, 'Time before job is retried');
INSERT INTO options (id, question_id, option_index, option_text) VALUES (76, 19, 3, 'Time before job is enqueued');
INSERT INTO questions (id, external_id, subtopic_id, question, question_type, correct_answer, correct_index, explanation, learn) VALUES (20, 'bj_020', 1, 'Why should background job payloads be small?', 'multiple_choice', 'To reduce memory usage and improve reliability', 1, 'Large payloads increase failure risk.', NULL);
INSERT INTO options (id, question_id, option_index, option_text) VALUES (77, 20, 0, 'For better encryption');
INSERT INTO options (id, question_id, option_index, option_text) VALUES (78, 20, 1, 'To reduce memory usage and improve reliability');
INSERT INTO options (id, question_id, option_index, option_text) VALUES (79, 20, 2, 'To improve UI rendering');
INSERT INTO options (id, question_id, option_index, option_text) VALUES (80, 20, 3, 'To increase retry speed');
INSERT INTO questions (id, external_id, subtopic_id, question, question_type, correct_answer, correct_index, explanation, learn) VALUES (21, 'cache_001', 2, 'What is the primary goal of caching in backend systems?', 'multiple_choice', 'Reduce latency and load on upstream systems', 1, 'Caching improves performance and scalability by avoiding repeated expensive operations.', NULL);
INSERT INTO options (id, question_id, option_index, option_text) VALUES (81, 21, 0, 'Increase database consistency');
INSERT INTO options (id, question_id, option_index, option_text) VALUES (82, 21, 1, 'Reduce latency and load on upstream systems');
INSERT INTO options (id, question_id, option_index, option_text) VALUES (83, 21, 2, 'Improve authentication security');
INSERT INTO options (id, question_id, option_index, option_text) VALUES (84, 21, 3, 'Encrypt sensitive data');
INSERT INTO questions (id, external_id, subtopic_id, question, question_type, correct_answer, correct_index, explanation, learn) VALUES (22, 'cache_002', 2, 'What is cache invalidation?', 'multiple_choice', 'Removing or updating stale cached data', 1, 'Invalidation ensures cached data does not become incorrect or stale.', NULL);
INSERT INTO options (id, question_id, option_index, option_text) VALUES (85, 22, 0, 'Encrypting cache entries');
INSERT INTO options (id, question_id, option_index, option_text) VALUES (86, 22, 1, 'Removing or updating stale cached data');
INSERT INTO options (id, question_id, option_index, option_text) VALUES (87, 22, 2, 'Compressing cached responses');
INSERT INTO options (id, question_id, option_index, option_text) VALUES (88, 22, 3, 'Replicating cache nodes');
INSERT INTO questions (id, external_id, subtopic_id, question, question_type, correct_answer, correct_index, explanation, learn) VALUES (23, 'cache_003', 2, 'Which caching strategy updates the cache when data is written?', 'multiple_choice', 'Write-through', 1, 'Write-through writes data to cache and database at the same time.', 'This interview question delves into **caching write strategies**, which govern how a cache remains consistent with the underlying data store (like a database) when data is modified. The core challenge is balancing performance, data consistency, and reliability, as different strategies prioritize these aspects differently.

The primary strategies for updating the cache on a write are **Write-through** and **Write-behind (write-back)**. Write-through is the most direct answer, as it updates both the cache and the underlying data store synchronously before confirming the write operation, ensuring the cache is always consistent. Write-behind also updates the cache immediately but then asynchronously writes the data to the persistent store, offering higher performance but introducing a window where data loss could occur if the cache fails before persistence.

In contrast, **Cache-aside (lazy loading)** doesn''t directly update the cache on a write; instead, the application writes to the database and then invalidates the corresponding cache entry. The cache is only updated on the next read request for that data. **Read-through**, on the other hand, is purely a read strategy where the cache itself fetches data from the database on a cache miss, making it irrelevant to how data is initially written.');
INSERT INTO options (id, question_id, option_index, option_text) VALUES (89, 23, 0, 'Cache-aside (lazy loading)');
INSERT INTO options (id, question_id, option_index, option_text) VALUES (90, 23, 1, 'Write-through');
INSERT INTO options (id, question_id, option_index, option_text) VALUES (91, 23, 2, 'Read-through');
INSERT INTO options (id, question_id, option_index, option_text) VALUES (92, 23, 3, 'Write-behind (write-back)');
INSERT INTO questions (id, external_id, subtopic_id, question, question_type, correct_answer, correct_index, explanation, learn) VALUES (24, 'cache_004', 2, 'In cache-aside (lazy loading), when is data loaded into cache?', 'multiple_choice', 'On cache miss', 2, 'Cache-aside loads data into cache only when it is requested and missing.', NULL);
INSERT INTO options (id, question_id, option_index, option_text) VALUES (93, 24, 0, 'On every write');
INSERT INTO options (id, question_id, option_index, option_text) VALUES (94, 24, 1, 'On application startup');
INSERT INTO options (id, question_id, option_index, option_text) VALUES (95, 24, 2, 'On cache miss');
INSERT INTO options (id, question_id, option_index, option_text) VALUES (96, 24, 3, 'On a fixed schedule');
INSERT INTO questions (id, external_id, subtopic_id, question, question_type, correct_answer, correct_index, explanation, learn) VALUES (25, 'cache_005', 2, 'What is a major downside of write-through caching?', 'multiple_choice', 'Higher write latency', 1, 'Every write must go through both cache and database.', 'This interview question probes your understanding of fundamental cache coherence policies and their performance implications, specifically focusing on **write-through caching**. The main concepts being tested are:

1.  **Understanding of Caching:** The primary goal of a cache is to bridge the speed gap between a fast CPU and slower main memory. It stores frequently accessed data closer to the CPU to reduce access latency.
2.  **Write Policies:** When the CPU writes data, there are different strategies for updating the cache and main memory. Write-through and write-back are the two primary policies.
3.  **Performance Metrics:** Understanding how different cache policies affect crucial performance metrics like read latency, write latency, and cache consistency.

Let''s break down write-through caching. In a write-through cache, whenever the CPU writes data, that data is **simultaneously written to both the cache and main memory**. The write operation is considered complete only after the data has been successfully written to *both locations*. This ensures that main memory always has the most up-to-date copy of the data, which is beneficial for systems where main memory is shared (e.g., in multi-processor systems or with DMA controllers) as it simplifies cache consistency for other components.

This brings us to the crucial downside: **Higher Write Latency**. Since the write operation must wait for the data to be written to main memory (which is significantly slower than the cache), the CPU experiences a longer delay for each write operation. The CPU effectively stalls until the slowest part of the operation – the write to main memory – is complete. While write-through caching simplifies cache consistency by keeping main memory always current, it comes at the cost of slower write performance from the CPU''s perspective, especially in applications with frequent write operations.

To quickly address the other options:
*   **Higher Read Latency:** Write-through caching doesn''t directly increase read latency. Reads still hit the cache first, and if the data is there, it''s served quickly. Only a cache miss necessitates going to main memory, which is independent of the write policy.
*   **No Cache Consistency:** As explained, write-through *promotes* consistency by ensuring main memory is always updated, which is often its key advantage, not a downside.
*   **Increased Cache Misses:** Cache misses are determined by cache size, associativity, and the data access patterns of the program (locality), not by the write policy. Write-through only dictates *what happens on a write hit*, not whether a piece of data is present in the cache for a read.');
INSERT INTO options (id, question_id, option_index, option_text) VALUES (97, 25, 0, 'Higher read latency');
INSERT INTO options (id, question_id, option_index, option_text) VALUES (98, 25, 1, 'Higher write latency');
INSERT INTO options (id, question_id, option_index, option_text) VALUES (99, 25, 2, 'No cache consistency');
INSERT INTO options (id, question_id, option_index, option_text) VALUES (100, 25, 3, 'Increased cache misses');
INSERT INTO questions (id, external_id, subtopic_id, question, question_type, correct_answer, correct_index, explanation, learn) VALUES (26, 'cache_006', 2, 'What is write-behind (write-back) caching?', 'multiple_choice', 'Writes go only to cache and are persisted asynchronously', 1, 'Write-behind improves write latency but risks data loss on cache failure.', 'Write-behind (or write-back) caching is a high-performance strategy where write operations are initially committed *only* to the cache. The application receives an immediate acknowledgment that the write is complete, without waiting for the data to be written to the slower, underlying permanent storage (like a database or disk). The cached data is marked as "dirty" and is then asynchronously flushed to the backend storage at a later time, either on a schedule, upon eviction from the cache, or when the system determines it''s appropriate.

This design prioritizes application responsiveness and throughput, as applications don''t block waiting for slow I/O operations. It significantly boosts write performance, especially for systems with high write loads, by decoupling the write operation from the latency of persistent storage. Furthermore, write-back caching allows for efficient batching of multiple writes, consolidating several small updates into fewer, larger writes to the backend, which can further optimize I/O efficiency.

The main tradeoff with write-back caching is durability. Since the data is not immediately written to permanent storage, there''s a risk of data loss if the cache system crashes before the "dirty" data is successfully flushed to the backend. Therefore, systems employing write-back caching often require robust recovery mechanisms, journaling, or replication to mitigate this risk and ensure data integrity.

From the given options, the correct one is: **Writes go only to cache and are persisted asynchronously.**');
INSERT INTO options (id, question_id, option_index, option_text) VALUES (101, 26, 0, 'Writes go only to database');
INSERT INTO options (id, question_id, option_index, option_text) VALUES (102, 26, 1, 'Writes go only to cache and are persisted asynchronously');
INSERT INTO options (id, question_id, option_index, option_text) VALUES (103, 26, 2, 'Writes bypass cache');
INSERT INTO options (id, question_id, option_index, option_text) VALUES (104, 26, 3, 'Writes are rejected on cache miss');
INSERT INTO questions (id, external_id, subtopic_id, question, question_type, correct_answer, correct_index, explanation, learn) VALUES (27, 'cache_007', 2, 'What is a cache stampede?', 'multiple_choice', 'Many requests recomputing the same missing key', 1, 'Stampedes happen when many requests hit a cold or expired key simultaneously.', NULL);
INSERT INTO options (id, question_id, option_index, option_text) VALUES (105, 27, 0, 'Cache eviction of all keys');
INSERT INTO options (id, question_id, option_index, option_text) VALUES (106, 27, 1, 'Many requests recomputing the same missing key');
INSERT INTO options (id, question_id, option_index, option_text) VALUES (107, 27, 2, 'Cache node failure');
INSERT INTO options (id, question_id, option_index, option_text) VALUES (108, 27, 3, 'Cache key collision');
INSERT INTO questions (id, external_id, subtopic_id, question, question_type, correct_answer, correct_index, explanation, learn) VALUES (28, 'cache_008', 2, 'Which technique helps prevent cache stampede?', 'multiple_choice', 'Cache locking / request coalescing', 1, 'Only one request recomputes the value while others wait.', NULL);
INSERT INTO options (id, question_id, option_index, option_text) VALUES (109, 28, 0, 'Short TTLs');
INSERT INTO options (id, question_id, option_index, option_text) VALUES (110, 28, 1, 'Cache locking / request coalescing');
INSERT INTO options (id, question_id, option_index, option_text) VALUES (111, 28, 2, 'Disabling cache');
INSERT INTO options (id, question_id, option_index, option_text) VALUES (112, 28, 3, 'Increasing payload size');
INSERT INTO questions (id, external_id, subtopic_id, question, question_type, correct_answer, correct_index, explanation, learn) VALUES (29, 'cache_009', 2, 'What does TTL stand for in caching?', 'multiple_choice', 'Time To Live', 1, 'TTL defines how long a cache entry is considered valid.', NULL);
INSERT INTO options (id, question_id, option_index, option_text) VALUES (113, 29, 0, 'Time To Load');
INSERT INTO options (id, question_id, option_index, option_text) VALUES (114, 29, 1, 'Time To Live');
INSERT INTO options (id, question_id, option_index, option_text) VALUES (115, 29, 2, 'Transfer Time Limit');
INSERT INTO options (id, question_id, option_index, option_text) VALUES (116, 29, 3, 'Total Transaction Latency');
INSERT INTO questions (id, external_id, subtopic_id, question, question_type, correct_answer, correct_index, explanation, learn) VALUES (30, 'cache_010', 2, 'What is a common tradeoff of very long TTLs?', 'multiple_choice', 'Stale data risk', 1, 'Long TTLs increase the chance of serving outdated data.', NULL);
INSERT INTO options (id, question_id, option_index, option_text) VALUES (117, 30, 0, 'Increased CPU usage');
INSERT INTO options (id, question_id, option_index, option_text) VALUES (118, 30, 1, 'Stale data risk');
INSERT INTO options (id, question_id, option_index, option_text) VALUES (119, 30, 2, 'More cache misses');
INSERT INTO options (id, question_id, option_index, option_text) VALUES (120, 30, 3, 'Higher network latency');
INSERT INTO questions (id, external_id, subtopic_id, question, question_type, correct_answer, correct_index, explanation, learn) VALUES (31, 'cache_011', 2, 'Which eviction policy removes least recently used entries?', 'multiple_choice', 'LRU', 2, 'LRU evicts items that have not been accessed recently.', NULL);
INSERT INTO options (id, question_id, option_index, option_text) VALUES (121, 31, 0, 'FIFO');
INSERT INTO options (id, question_id, option_index, option_text) VALUES (122, 31, 1, 'LFU');
INSERT INTO options (id, question_id, option_index, option_text) VALUES (123, 31, 2, 'LRU');
INSERT INTO options (id, question_id, option_index, option_text) VALUES (124, 31, 3, 'MRU');
INSERT INTO questions (id, external_id, subtopic_id, question, question_type, correct_answer, correct_index, explanation, learn) VALUES (32, 'cache_012', 2, 'What is LFU eviction?', 'multiple_choice', 'Evict least frequently used items', 0, 'LFU uses access frequency rather than recency.', NULL);
INSERT INTO options (id, question_id, option_index, option_text) VALUES (125, 32, 0, 'Evict least frequently used items');
INSERT INTO options (id, question_id, option_index, option_text) VALUES (126, 32, 1, 'Evict least recently used items');
INSERT INTO options (id, question_id, option_index, option_text) VALUES (127, 32, 2, 'Evict first inserted items');
INSERT INTO options (id, question_id, option_index, option_text) VALUES (128, 32, 3, 'Evict most recently used items');
INSERT INTO questions (id, external_id, subtopic_id, question, question_type, correct_answer, correct_index, explanation, learn) VALUES (33, 'cache_013', 2, 'What is cache warming?', 'multiple_choice', 'Pre-populating cache with expected data', 1, 'Warming avoids cold-start cache misses.', NULL);
INSERT INTO options (id, question_id, option_index, option_text) VALUES (129, 33, 0, 'Clearing the cache');
INSERT INTO options (id, question_id, option_index, option_text) VALUES (130, 33, 1, 'Pre-populating cache with expected data');
INSERT INTO options (id, question_id, option_index, option_text) VALUES (131, 33, 2, 'Increasing TTL');
INSERT INTO options (id, question_id, option_index, option_text) VALUES (132, 33, 3, 'Compressing cached entries');
INSERT INTO questions (id, external_id, subtopic_id, question, question_type, correct_answer, correct_index, explanation, learn) VALUES (34, 'cache_014', 2, 'What is a downside of aggressive cache warming?', 'multiple_choice', 'Wasted memory on unused keys', 1, 'Preloading unused data can waste cache capacity.', NULL);
INSERT INTO options (id, question_id, option_index, option_text) VALUES (133, 34, 0, 'Increased cold starts');
INSERT INTO options (id, question_id, option_index, option_text) VALUES (134, 34, 1, 'Wasted memory on unused keys');
INSERT INTO options (id, question_id, option_index, option_text) VALUES (135, 34, 2, 'Higher cache miss rates');
INSERT INTO options (id, question_id, option_index, option_text) VALUES (136, 34, 3, 'Slower network');
INSERT INTO questions (id, external_id, subtopic_id, question, question_type, correct_answer, correct_index, explanation, learn) VALUES (35, 'cache_015', 2, 'Which pattern is best when cache consistency is critical?', 'multiple_choice', 'Write-through', 2, 'Write-through keeps cache and DB in sync on every write.', NULL);
INSERT INTO options (id, question_id, option_index, option_text) VALUES (137, 35, 0, 'Write-back');
INSERT INTO options (id, question_id, option_index, option_text) VALUES (138, 35, 1, 'Cache-aside');
INSERT INTO options (id, question_id, option_index, option_text) VALUES (139, 35, 2, 'Write-through');
INSERT INTO options (id, question_id, option_index, option_text) VALUES (140, 35, 3, 'No caching');
INSERT INTO questions (id, external_id, subtopic_id, question, question_type, correct_answer, correct_index, explanation, learn) VALUES (36, 'cache_016', 2, 'Why is Redis often used as a backend cache?', 'multiple_choice', 'It is in-memory and very fast', 1, 'Redis provides low-latency in-memory data access.', NULL);
INSERT INTO options (id, question_id, option_index, option_text) VALUES (141, 36, 0, 'It is disk-only');
INSERT INTO options (id, question_id, option_index, option_text) VALUES (142, 36, 1, 'It is in-memory and very fast');
INSERT INTO options (id, question_id, option_index, option_text) VALUES (143, 36, 2, 'It requires no network');
INSERT INTO options (id, question_id, option_index, option_text) VALUES (144, 36, 3, 'It automatically shards SQL');
INSERT INTO questions (id, external_id, subtopic_id, question, question_type, correct_answer, correct_index, explanation, learn) VALUES (37, 'cache_017', 2, 'What is a common use of a distributed cache?', 'multiple_choice', 'Share cached data across multiple app instances', 1, 'Distributed caches allow horizontal scaling.', NULL);
INSERT INTO options (id, question_id, option_index, option_text) VALUES (145, 37, 0, 'Store user passwords');
INSERT INTO options (id, question_id, option_index, option_text) VALUES (146, 37, 1, 'Share cached data across multiple app instances');
INSERT INTO options (id, question_id, option_index, option_text) VALUES (147, 37, 2, 'Replace databases');
INSERT INTO options (id, question_id, option_index, option_text) VALUES (148, 37, 3, 'Encrypt API traffic');
INSERT INTO questions (id, external_id, subtopic_id, question, question_type, correct_answer, correct_index, explanation, learn) VALUES (38, 'cache_018', 2, 'What is cache poisoning?', 'multiple_choice', 'Inserting malicious or incorrect data into cache', 1, 'Attackers can manipulate cache keys to serve bad data.', NULL);
INSERT INTO options (id, question_id, option_index, option_text) VALUES (149, 38, 0, 'Cache memory corruption');
INSERT INTO options (id, question_id, option_index, option_text) VALUES (150, 38, 1, 'Inserting malicious or incorrect data into cache');
INSERT INTO options (id, question_id, option_index, option_text) VALUES (151, 38, 2, 'Cache eviction failure');
INSERT INTO options (id, question_id, option_index, option_text) VALUES (152, 38, 3, 'Cache node overheating');
INSERT INTO questions (id, external_id, subtopic_id, question, question_type, correct_answer, correct_index, explanation, learn) VALUES (39, 'cache_019', 2, 'What is a common strategy for invalidating cache after updates?', 'multiple_choice', 'Manual key deletion on write', 1, 'Explicit invalidation ensures fresh data is fetched.', NULL);
INSERT INTO options (id, question_id, option_index, option_text) VALUES (153, 39, 0, 'Let TTL expire naturally');
INSERT INTO options (id, question_id, option_index, option_text) VALUES (154, 39, 1, 'Manual key deletion on write');
INSERT INTO options (id, question_id, option_index, option_text) VALUES (155, 39, 2, 'Disable cache');
INSERT INTO options (id, question_id, option_index, option_text) VALUES (156, 39, 3, 'Restart cache server');
INSERT INTO questions (id, external_id, subtopic_id, question, question_type, correct_answer, correct_index, explanation, learn) VALUES (40, 'cache_020', 2, 'Why is caching difficult in highly mutable data?', 'multiple_choice', 'High invalidation complexity', 1, 'Frequent updates make it hard to keep cache consistent.', NULL);
INSERT INTO options (id, question_id, option_index, option_text) VALUES (157, 40, 0, 'Cache is too slow');
INSERT INTO options (id, question_id, option_index, option_text) VALUES (158, 40, 1, 'High invalidation complexity');
INSERT INTO options (id, question_id, option_index, option_text) VALUES (159, 40, 2, 'Cache size limits');
INSERT INTO options (id, question_id, option_index, option_text) VALUES (160, 40, 3, 'Serialization overhead');
INSERT INTO questions (id, external_id, subtopic_id, question, question_type, correct_answer, correct_index, explanation, learn) VALUES (41, 'conc_001', 3, 'What is a race condition?', 'multiple_choice', 'When the outcome depends on timing of concurrent operations', 1, 'Race conditions occur when timing affects correctness.', NULL);
INSERT INTO options (id, question_id, option_index, option_text) VALUES (161, 41, 0, 'When two threads execute in parallel');
INSERT INTO options (id, question_id, option_index, option_text) VALUES (162, 41, 1, 'When the outcome depends on timing of concurrent operations');
INSERT INTO options (id, question_id, option_index, option_text) VALUES (163, 41, 2, 'When a process crashes');
INSERT INTO options (id, question_id, option_index, option_text) VALUES (164, 41, 3, 'When a thread waits too long');
INSERT INTO questions (id, external_id, subtopic_id, question, question_type, correct_answer, correct_index, explanation, learn) VALUES (42, 'conc_002', 3, 'What is a deadlock?', 'multiple_choice', 'Two or more threads waiting on each other indefinitely', 1, 'Deadlock is circular waiting for resources.', NULL);
INSERT INTO options (id, question_id, option_index, option_text) VALUES (165, 42, 0, 'A thread waiting for I/O');
INSERT INTO options (id, question_id, option_index, option_text) VALUES (166, 42, 1, 'Two or more threads waiting on each other indefinitely');
INSERT INTO options (id, question_id, option_index, option_text) VALUES (167, 42, 2, 'A slow database query');
INSERT INTO options (id, question_id, option_index, option_text) VALUES (168, 42, 3, 'A memory leak');
INSERT INTO questions (id, external_id, subtopic_id, question, question_type, correct_answer, correct_index, explanation, learn) VALUES (43, 'conc_003', 3, 'What is a livelock?', 'multiple_choice', 'Threads continuously changing state but making no progress', 1, 'Livelock is active but unproductive behavior.', NULL);
INSERT INTO options (id, question_id, option_index, option_text) VALUES (169, 43, 0, 'Threads blocked forever');
INSERT INTO options (id, question_id, option_index, option_text) VALUES (170, 43, 1, 'Threads continuously changing state but making no progress');
INSERT INTO options (id, question_id, option_index, option_text) VALUES (171, 43, 2, 'A thread crash');
INSERT INTO options (id, question_id, option_index, option_text) VALUES (172, 43, 3, 'A CPU overload');
INSERT INTO questions (id, external_id, subtopic_id, question, question_type, correct_answer, correct_index, explanation, learn) VALUES (44, 'conc_004', 3, 'What is mutual exclusion?', 'multiple_choice', 'Preventing concurrent access to a shared resource', 1, 'Mutual exclusion ensures only one thread accesses a critical section.', 'This question assesses your understanding of **concurrency control** and **data integrity** in multi-threaded environments. Mutual exclusion is a fundamental concept designed to prevent issues when multiple parts of a program (threads or processes) try to access and modify the same shared data simultaneously. Without it, operations can interleave unpredictably, leading to "race conditions" where the final outcome depends on the specific order of execution, often resulting in incorrect or corrupted data.

The core idea behind mutual exclusion is to ensure that only one thread can be "inside" a designated "critical section" – a piece of code that accesses shared resources – at any given moment. This prevents concurrent, uncoordinated access that could lead to inconsistencies. Mechanisms like locks, mutexes, or semaphores are employed to enforce this rule, making a thread wait if another thread is currently holding the "key" to the critical section. Therefore, "Preventing concurrent access to a shared resource" is the correct description.');
INSERT INTO options (id, question_id, option_index, option_text) VALUES (173, 44, 0, 'Allowing multiple threads to access shared state');
INSERT INTO options (id, question_id, option_index, option_text) VALUES (174, 44, 1, 'Preventing concurrent access to a shared resource');
INSERT INTO options (id, question_id, option_index, option_text) VALUES (175, 44, 2, 'Balancing load across threads');
INSERT INTO options (id, question_id, option_index, option_text) VALUES (176, 44, 3, 'Disabling threading');
INSERT INTO questions (id, external_id, subtopic_id, question, question_type, correct_answer, correct_index, explanation, learn) VALUES (45, 'conc_005', 3, 'What is a critical section?', 'multiple_choice', 'Code that accesses shared mutable state', 1, 'Critical sections must be protected to avoid races.', NULL);
INSERT INTO options (id, question_id, option_index, option_text) VALUES (177, 45, 0, 'A performance bottleneck');
INSERT INTO options (id, question_id, option_index, option_text) VALUES (178, 45, 1, 'Code that accesses shared mutable state');
INSERT INTO options (id, question_id, option_index, option_text) VALUES (179, 45, 2, 'A long-running task');
INSERT INTO options (id, question_id, option_index, option_text) VALUES (180, 45, 3, 'An I/O operation');
INSERT INTO questions (id, external_id, subtopic_id, question, question_type, correct_answer, correct_index, explanation, learn) VALUES (46, 'conc_006', 3, 'Which mechanism is commonly used to implement mutual exclusion?', 'multiple_choice', 'Mutex', 1, 'Mutexes are commonly used for exclusive access.', NULL);
INSERT INTO options (id, question_id, option_index, option_text) VALUES (181, 46, 0, 'Semaphore');
INSERT INTO options (id, question_id, option_index, option_text) VALUES (182, 46, 1, 'Mutex');
INSERT INTO options (id, question_id, option_index, option_text) VALUES (183, 46, 2, 'Queue');
INSERT INTO options (id, question_id, option_index, option_text) VALUES (184, 46, 3, 'Cache');
INSERT INTO questions (id, external_id, subtopic_id, question, question_type, correct_answer, correct_index, explanation, learn) VALUES (47, 'conc_007', 3, 'What is a semaphore primarily used for?', 'multiple_choice', 'Limit concurrent access to a resource', 1, 'Semaphores allow a fixed number of concurrent accesses.', NULL);
INSERT INTO options (id, question_id, option_index, option_text) VALUES (185, 47, 0, 'Enforce exclusive access only');
INSERT INTO options (id, question_id, option_index, option_text) VALUES (186, 47, 1, 'Limit concurrent access to a resource');
INSERT INTO options (id, question_id, option_index, option_text) VALUES (187, 47, 2, 'Cache values');
INSERT INTO options (id, question_id, option_index, option_text) VALUES (188, 47, 3, 'Schedule jobs');
INSERT INTO questions (id, external_id, subtopic_id, question, question_type, correct_answer, correct_index, explanation, learn) VALUES (48, 'conc_008', 3, 'What is thread starvation?', 'multiple_choice', 'Thread never gets CPU or resources', 1, 'Starvation occurs when scheduling prevents progress.', NULL);
INSERT INTO options (id, question_id, option_index, option_text) VALUES (189, 48, 0, 'Thread runs too fast');
INSERT INTO options (id, question_id, option_index, option_text) VALUES (190, 48, 1, 'Thread never gets CPU or resources');
INSERT INTO options (id, question_id, option_index, option_text) VALUES (191, 48, 2, 'Thread crashes');
INSERT INTO options (id, question_id, option_index, option_text) VALUES (192, 48, 3, 'Thread leaks memory');
INSERT INTO questions (id, external_id, subtopic_id, question, question_type, correct_answer, correct_index, explanation, learn) VALUES (49, 'conc_009', 3, 'What is optimistic locking?', 'multiple_choice', 'Assuming no conflict and detecting conflicts on write', 1, 'Optimistic locking checks versions on update.', NULL);
INSERT INTO options (id, question_id, option_index, option_text) VALUES (193, 49, 0, 'Locking rows before reading');
INSERT INTO options (id, question_id, option_index, option_text) VALUES (194, 49, 1, 'Assuming no conflict and detecting conflicts on write');
INSERT INTO options (id, question_id, option_index, option_text) VALUES (195, 49, 2, 'Using database mutexes');
INSERT INTO options (id, question_id, option_index, option_text) VALUES (196, 49, 3, 'Blocking concurrent access');
INSERT INTO questions (id, external_id, subtopic_id, question, question_type, correct_answer, correct_index, explanation, learn) VALUES (50, 'conc_010', 3, 'What is pessimistic locking?', 'multiple_choice', 'Locking resources before access', 1, 'Pessimistic locking prevents conflicts by blocking early.', NULL);
INSERT INTO options (id, question_id, option_index, option_text) VALUES (197, 50, 0, 'Detect conflicts after writes');
INSERT INTO options (id, question_id, option_index, option_text) VALUES (198, 50, 1, 'Locking resources before access');
INSERT INTO options (id, question_id, option_index, option_text) VALUES (199, 50, 2, 'Using version fields');
INSERT INTO options (id, question_id, option_index, option_text) VALUES (200, 50, 3, 'Allowing free concurrency');
INSERT INTO questions (id, external_id, subtopic_id, question, question_type, correct_answer, correct_index, explanation, learn) VALUES (51, 'conc_011', 3, 'What is atomicity in concurrency?', 'multiple_choice', 'Operations appear indivisible', 1, 'Atomic operations complete fully or not at all.', NULL);
INSERT INTO options (id, question_id, option_index, option_text) VALUES (201, 51, 0, 'Running tasks in parallel');
INSERT INTO options (id, question_id, option_index, option_text) VALUES (202, 51, 1, 'Operations appear indivisible');
INSERT INTO options (id, question_id, option_index, option_text) VALUES (203, 51, 2, 'Tasks are fast');
INSERT INTO options (id, question_id, option_index, option_text) VALUES (204, 51, 3, 'Using transactions');
INSERT INTO questions (id, external_id, subtopic_id, question, question_type, correct_answer, correct_index, explanation, learn) VALUES (52, 'conc_012', 3, 'What problem does a compare-and-swap (CAS) operation solve?', 'multiple_choice', 'Implementing lock-free synchronization', 1, 'CAS is a building block for lock-free algorithms.', NULL);
INSERT INTO options (id, question_id, option_index, option_text) VALUES (205, 52, 0, 'Scheduling threads');
INSERT INTO options (id, question_id, option_index, option_text) VALUES (206, 52, 1, 'Implementing lock-free synchronization');
INSERT INTO options (id, question_id, option_index, option_text) VALUES (207, 52, 2, 'Serializing requests');
INSERT INTO options (id, question_id, option_index, option_text) VALUES (208, 52, 3, 'Managing memory');
INSERT INTO questions (id, external_id, subtopic_id, question, question_type, correct_answer, correct_index, explanation, learn) VALUES (53, 'conc_013', 3, 'What is a thread-safe function?', 'multiple_choice', 'Can be called concurrently without causing incorrect behavior', 1, 'Thread-safe code works correctly under concurrent access.', NULL);
INSERT INTO options (id, question_id, option_index, option_text) VALUES (209, 53, 0, 'Always fast');
INSERT INTO options (id, question_id, option_index, option_text) VALUES (210, 53, 1, 'Can be called concurrently without causing incorrect behavior');
INSERT INTO options (id, question_id, option_index, option_text) VALUES (211, 53, 2, 'Uses a database');
INSERT INTO options (id, question_id, option_index, option_text) VALUES (212, 53, 3, 'Uses async/await');
INSERT INTO questions (id, external_id, subtopic_id, question, question_type, correct_answer, correct_index, explanation, learn) VALUES (54, 'conc_014', 3, 'What is a common cause of race conditions in web backends?', 'multiple_choice', 'Shared in-memory state', 1, 'Shared mutable memory across requests causes races.', NULL);
INSERT INTO options (id, question_id, option_index, option_text) VALUES (213, 54, 0, 'Stateless endpoints');
INSERT INTO options (id, question_id, option_index, option_text) VALUES (214, 54, 1, 'Shared in-memory state');
INSERT INTO options (id, question_id, option_index, option_text) VALUES (215, 54, 2, 'Using HTTP');
INSERT INTO options (id, question_id, option_index, option_text) VALUES (216, 54, 3, 'Using REST');
INSERT INTO questions (id, external_id, subtopic_id, question, question_type, correct_answer, correct_index, explanation, learn) VALUES (55, 'conc_015', 3, 'What is the purpose of a distributed lock?', 'multiple_choice', 'Coordinate access across multiple machines', 1, 'Distributed locks manage concurrency across services.', NULL);
INSERT INTO options (id, question_id, option_index, option_text) VALUES (217, 55, 0, 'Lock threads in a single process');
INSERT INTO options (id, question_id, option_index, option_text) VALUES (218, 55, 1, 'Coordinate access across multiple machines');
INSERT INTO options (id, question_id, option_index, option_text) VALUES (219, 55, 2, 'Speed up queries');
INSERT INTO options (id, question_id, option_index, option_text) VALUES (220, 55, 3, 'Cache data');
INSERT INTO questions (id, external_id, subtopic_id, question, question_type, correct_answer, correct_index, explanation, learn) VALUES (56, 'conc_016', 3, 'Which system is commonly used for distributed locking?', 'multiple_choice', 'Redis', 0, 'Redis is commonly used for distributed locks.', 'Distributed locking is a crucial concept in distributed systems, ensuring that only one process can access a shared resource at a time across multiple servers. This prevents data corruption and maintains consistency when operations need to be atomic, meaning they complete entirely or not at all.

One common approach leverages a robust, external system to manage these locks. This system needs to be highly available and provide atomic operations for acquiring and releasing locks, often with built-in mechanisms for handling lock expiration and contention.

Considering the options, some are designed for real-time data processing and storage, while others serve different network functions. You''ll find that systems offering strong consistency guarantees and efficient key-value storage are particularly well-suited for implementing reliable distributed locks.');
INSERT INTO options (id, question_id, option_index, option_text) VALUES (221, 56, 0, 'Redis');
INSERT INTO options (id, question_id, option_index, option_text) VALUES (222, 56, 1, 'Elasticsearch');
INSERT INTO options (id, question_id, option_index, option_text) VALUES (223, 56, 2, 'CDN');
INSERT INTO options (id, question_id, option_index, option_text) VALUES (224, 56, 3, 'SMTP');
INSERT INTO questions (id, external_id, subtopic_id, question, question_type, correct_answer, correct_index, explanation, learn) VALUES (57, 'conc_017', 3, 'What is backpressure?', 'multiple_choice', 'Slowing producers when consumers are overloaded', 1, 'Backpressure prevents system overload.', 'Backpressure is a vital concept in system design, particularly when dealing with data streams or request processing. It describes a mechanism where a downstream component, which might be processing data or handling requests, signals an upstream component to slow down its rate of production.

This signal is typically sent when the downstream component, often called the "consumer," is becoming overloaded and cannot keep up with the incoming volume from the "producer." By applying backpressure, the consumer prevents itself from being overwhelmed, exhausting its resources, or potentially crashing.

The primary goal of backpressure is to maintain system stability and prevent resource exhaustion by regulating the flow of work. It ensures that the entire system operates within the capacity of its slowest component, leading to more resilient and predictable behavior.');
INSERT INTO options (id, question_id, option_index, option_text) VALUES (225, 57, 0, 'Increasing request rate');
INSERT INTO options (id, question_id, option_index, option_text) VALUES (226, 57, 1, 'Slowing producers when consumers are overloaded');
INSERT INTO options (id, question_id, option_index, option_text) VALUES (227, 57, 2, 'Adding more threads');
INSERT INTO options (id, question_id, option_index, option_text) VALUES (228, 57, 3, 'Caching responses');
INSERT INTO questions (id, external_id, subtopic_id, question, question_type, correct_answer, correct_index, explanation, learn) VALUES (58, 'conc_018', 3, 'What is a thundering herd problem?', 'multiple_choice', 'Many clients retrying simultaneously', 0, 'Thundering herd can overload systems after a lock or cache expires.', NULL);
INSERT INTO options (id, question_id, option_index, option_text) VALUES (229, 58, 0, 'Many clients retrying simultaneously');
INSERT INTO options (id, question_id, option_index, option_text) VALUES (230, 58, 1, 'A single slow request');
INSERT INTO options (id, question_id, option_index, option_text) VALUES (231, 58, 2, 'A memory leak');
INSERT INTO options (id, question_id, option_index, option_text) VALUES (232, 58, 3, 'A deadlock');
INSERT INTO questions (id, external_id, subtopic_id, question, question_type, correct_answer, correct_index, explanation, learn) VALUES (59, 'conc_019', 3, 'What is the main benefit of immutability?', 'multiple_choice', 'Easier reasoning about concurrency', 2, 'Immutable data eliminates many race conditions.', NULL);
INSERT INTO options (id, question_id, option_index, option_text) VALUES (233, 59, 0, 'Faster execution');
INSERT INTO options (id, question_id, option_index, option_text) VALUES (234, 59, 1, 'Reduced memory usage');
INSERT INTO options (id, question_id, option_index, option_text) VALUES (235, 59, 2, 'Easier reasoning about concurrency');
INSERT INTO options (id, question_id, option_index, option_text) VALUES (236, 59, 3, 'Automatic scaling');
INSERT INTO questions (id, external_id, subtopic_id, question, question_type, correct_answer, correct_index, explanation, learn) VALUES (60, 'conc_020', 3, 'What is idempotency important for in concurrent systems?', 'multiple_choice', 'Safe retries', 1, 'Idempotency allows operations to be retried safely.', NULL);
INSERT INTO options (id, question_id, option_index, option_text) VALUES (237, 60, 0, 'Faster queries');
INSERT INTO options (id, question_id, option_index, option_text) VALUES (238, 60, 1, 'Safe retries');
INSERT INTO options (id, question_id, option_index, option_text) VALUES (239, 60, 2, 'Better caching');
INSERT INTO options (id, question_id, option_index, option_text) VALUES (240, 60, 3, 'Lower memory usage');
INSERT INTO questions (id, external_id, subtopic_id, question, question_type, correct_answer, correct_index, explanation, learn) VALUES (61, 'dm_001', 4, 'What is database normalization primarily used for?', 'multiple_choice', 'Reduce data redundancy and improve integrity', 1, 'Normalization minimizes duplication and anomalies.', NULL);
INSERT INTO options (id, question_id, option_index, option_text) VALUES (241, 61, 0, 'Improve UI performance');
INSERT INTO options (id, question_id, option_index, option_text) VALUES (242, 61, 1, 'Reduce data redundancy and improve integrity');
INSERT INTO options (id, question_id, option_index, option_text) VALUES (243, 61, 2, 'Speed up full-text search');
INSERT INTO options (id, question_id, option_index, option_text) VALUES (244, 61, 3, 'Encrypt sensitive data');
INSERT INTO questions (id, external_id, subtopic_id, question, question_type, correct_answer, correct_index, explanation, learn) VALUES (62, 'dm_002', 4, 'What is denormalization?', 'multiple_choice', 'Intentionally duplicating data for performance', 2, 'Denormalization trades redundancy for read speed.', NULL);
INSERT INTO options (id, question_id, option_index, option_text) VALUES (245, 62, 0, 'Removing indexes');
INSERT INTO options (id, question_id, option_index, option_text) VALUES (246, 62, 1, 'Splitting tables');
INSERT INTO options (id, question_id, option_index, option_text) VALUES (247, 62, 2, 'Intentionally duplicating data for performance');
INSERT INTO options (id, question_id, option_index, option_text) VALUES (248, 62, 3, 'Encrypting columns');
INSERT INTO questions (id, external_id, subtopic_id, question, question_type, correct_answer, correct_index, explanation, learn) VALUES (63, 'dm_003', 4, 'When is denormalization most appropriate?', 'multiple_choice', 'When read performance is critical', 1, 'Denormalization optimizes read-heavy workloads.', NULL);
INSERT INTO options (id, question_id, option_index, option_text) VALUES (249, 63, 0, 'When writes must be fast');
INSERT INTO options (id, question_id, option_index, option_text) VALUES (250, 63, 1, 'When read performance is critical');
INSERT INTO options (id, question_id, option_index, option_text) VALUES (251, 63, 2, 'When data must be strongly consistent');
INSERT INTO options (id, question_id, option_index, option_text) VALUES (252, 63, 3, 'When schema rarely changes');
INSERT INTO questions (id, external_id, subtopic_id, question, question_type, correct_answer, correct_index, explanation, learn) VALUES (64, 'dm_004', 4, 'What is a foreign key used for?', 'multiple_choice', 'Enforcing referential integrity', 1, 'Foreign keys ensure related records exist.', NULL);
INSERT INTO options (id, question_id, option_index, option_text) VALUES (253, 64, 0, 'Encrypting data');
INSERT INTO options (id, question_id, option_index, option_text) VALUES (254, 64, 1, 'Enforcing referential integrity');
INSERT INTO options (id, question_id, option_index, option_text) VALUES (255, 64, 2, 'Improving cache hits');
INSERT INTO options (id, question_id, option_index, option_text) VALUES (256, 64, 3, 'Speeding up queries');
INSERT INTO questions (id, external_id, subtopic_id, question, question_type, correct_answer, correct_index, explanation, learn) VALUES (65, 'dm_005', 4, 'What is a many-to-many relationship typically modeled with?', 'multiple_choice', 'A join table', 1, 'Join tables link two entities.', NULL);
INSERT INTO options (id, question_id, option_index, option_text) VALUES (257, 65, 0, 'A single table');
INSERT INTO options (id, question_id, option_index, option_text) VALUES (258, 65, 1, 'A join table');
INSERT INTO options (id, question_id, option_index, option_text) VALUES (259, 65, 2, 'A JSON column');
INSERT INTO options (id, question_id, option_index, option_text) VALUES (260, 65, 3, 'A view');
INSERT INTO questions (id, external_id, subtopic_id, question, question_type, correct_answer, correct_index, explanation, learn) VALUES (66, 'dm_006', 4, 'What is a surrogate key?', 'multiple_choice', 'A system-generated primary key', 1, 'Surrogate keys have no business meaning.', 'A surrogate key is an artificial identifier, often a simple integer, created solely for the purpose of uniquely identifying each row in a database table. It is distinct from any data that naturally exists within your business domain.

This type of key is typically generated by the database system itself, such as an auto-incrementing sequence. Its primary role is to serve as a stable and simple primary key, providing a reliable way to reference rows without relying on potentially changing or complex business attributes.');
INSERT INTO options (id, question_id, option_index, option_text) VALUES (261, 66, 0, 'A natural business identifier');
INSERT INTO options (id, question_id, option_index, option_text) VALUES (262, 66, 1, 'A system-generated primary key');
INSERT INTO options (id, question_id, option_index, option_text) VALUES (263, 66, 2, 'A foreign key');
INSERT INTO options (id, question_id, option_index, option_text) VALUES (264, 66, 3, 'A composite index');
INSERT INTO questions (id, external_id, subtopic_id, question, question_type, correct_answer, correct_index, explanation, learn) VALUES (67, 'dm_007', 4, 'What is a natural key?', 'multiple_choice', 'A real-world unique identifier', 2, 'Natural keys come from business data.', NULL);
INSERT INTO options (id, question_id, option_index, option_text) VALUES (265, 67, 0, 'A UUID');
INSERT INTO options (id, question_id, option_index, option_text) VALUES (266, 67, 1, 'An auto-increment ID');
INSERT INTO options (id, question_id, option_index, option_text) VALUES (267, 67, 2, 'A real-world unique identifier');
INSERT INTO options (id, question_id, option_index, option_text) VALUES (268, 67, 3, 'A composite index');
INSERT INTO questions (id, external_id, subtopic_id, question, question_type, correct_answer, correct_index, explanation, learn) VALUES (68, 'dm_008', 4, 'What is a composite key?', 'multiple_choice', 'A key made of multiple columns', 0, 'Composite keys use multiple fields.', NULL);
INSERT INTO options (id, question_id, option_index, option_text) VALUES (269, 68, 0, 'A key made of multiple columns');
INSERT INTO options (id, question_id, option_index, option_text) VALUES (270, 68, 1, 'A UUID');
INSERT INTO options (id, question_id, option_index, option_text) VALUES (271, 68, 2, 'An encrypted key');
INSERT INTO options (id, question_id, option_index, option_text) VALUES (272, 68, 3, 'A foreign key');
INSERT INTO questions (id, external_id, subtopic_id, question, question_type, correct_answer, correct_index, explanation, learn) VALUES (69, 'dm_009', 4, 'What is soft deletion?', 'multiple_choice', 'Marking records as deleted instead of removing them', 1, 'Soft deletes preserve historical data.', NULL);
INSERT INTO options (id, question_id, option_index, option_text) VALUES (273, 69, 0, 'Deleting from cache');
INSERT INTO options (id, question_id, option_index, option_text) VALUES (274, 69, 1, 'Marking records as deleted instead of removing them');
INSERT INTO options (id, question_id, option_index, option_text) VALUES (275, 69, 2, 'Archiving to another table');
INSERT INTO options (id, question_id, option_index, option_text) VALUES (276, 69, 3, 'Encrypting deleted rows');
INSERT INTO questions (id, external_id, subtopic_id, question, question_type, correct_answer, correct_index, explanation, learn) VALUES (70, 'dm_010', 4, 'What is a common downside of soft deletes?', 'multiple_choice', 'Increased storage and query complexity', 1, 'Queries must filter out deleted records.', NULL);
INSERT INTO options (id, question_id, option_index, option_text) VALUES (277, 70, 0, 'Faster queries');
INSERT INTO options (id, question_id, option_index, option_text) VALUES (278, 70, 1, 'Increased storage and query complexity');
INSERT INTO options (id, question_id, option_index, option_text) VALUES (279, 70, 2, 'Better auditing');
INSERT INTO options (id, question_id, option_index, option_text) VALUES (280, 70, 3, 'Simpler migrations');
INSERT INTO questions (id, external_id, subtopic_id, question, question_type, correct_answer, correct_index, explanation, learn) VALUES (71, 'dm_011', 4, 'What is schema evolution?', 'multiple_choice', 'Changing database schema over time', 1, 'Systems must support schema changes safely.', NULL);
INSERT INTO options (id, question_id, option_index, option_text) VALUES (281, 71, 0, 'Encrypting tables');
INSERT INTO options (id, question_id, option_index, option_text) VALUES (282, 71, 1, 'Changing database schema over time');
INSERT INTO options (id, question_id, option_index, option_text) VALUES (283, 71, 2, 'Replicating databases');
INSERT INTO options (id, question_id, option_index, option_text) VALUES (284, 71, 3, 'Sharding data');
INSERT INTO questions (id, external_id, subtopic_id, question, question_type, correct_answer, correct_index, explanation, learn) VALUES (72, 'dm_012', 4, 'What is backward compatibility in schema design?', 'multiple_choice', 'Supporting old application versions with new schema', 1, 'Backward compatibility enables safer deployments.', NULL);
INSERT INTO options (id, question_id, option_index, option_text) VALUES (285, 72, 0, 'Preventing deletes');
INSERT INTO options (id, question_id, option_index, option_text) VALUES (286, 72, 1, 'Supporting old application versions with new schema');
INSERT INTO options (id, question_id, option_index, option_text) VALUES (287, 72, 2, 'Using old database versions');
INSERT INTO options (id, question_id, option_index, option_text) VALUES (288, 72, 3, 'Avoiding migrations');
INSERT INTO questions (id, external_id, subtopic_id, question, question_type, correct_answer, correct_index, explanation, learn) VALUES (73, 'dm_013', 4, 'What is a nullable column best used for?', 'multiple_choice', 'Optional data', 1, 'Nullable columns represent optional attributes.', NULL);
INSERT INTO options (id, question_id, option_index, option_text) VALUES (289, 73, 0, 'Required business fields');
INSERT INTO options (id, question_id, option_index, option_text) VALUES (290, 73, 1, 'Optional data');
INSERT INTO options (id, question_id, option_index, option_text) VALUES (291, 73, 2, 'Primary keys');
INSERT INTO options (id, question_id, option_index, option_text) VALUES (292, 73, 3, 'Foreign keys always');
INSERT INTO questions (id, external_id, subtopic_id, question, question_type, correct_answer, correct_index, explanation, learn) VALUES (74, 'dm_014', 4, 'What is a common pattern for audit trails?', 'multiple_choice', 'Using created_at and updated_at timestamps', 2, 'Timestamps help track changes.', NULL);
INSERT INTO options (id, question_id, option_index, option_text) VALUES (293, 74, 0, 'Overwriting rows');
INSERT INTO options (id, question_id, option_index, option_text) VALUES (294, 74, 1, 'Deleting rows');
INSERT INTO options (id, question_id, option_index, option_text) VALUES (295, 74, 2, 'Using created_at and updated_at timestamps');
INSERT INTO options (id, question_id, option_index, option_text) VALUES (296, 74, 3, 'Removing indexes');
INSERT INTO questions (id, external_id, subtopic_id, question, question_type, correct_answer, correct_index, explanation, learn) VALUES (75, 'dm_015', 4, 'What is an entity-relationship (ER) diagram used for?', 'multiple_choice', 'Modeling data entities and relationships', 1, 'ER diagrams visualize schema design.', NULL);
INSERT INTO options (id, question_id, option_index, option_text) VALUES (297, 75, 0, 'UI design');
INSERT INTO options (id, question_id, option_index, option_text) VALUES (298, 75, 1, 'Modeling data entities and relationships');
INSERT INTO options (id, question_id, option_index, option_text) VALUES (299, 75, 2, 'Monitoring performance');
INSERT INTO options (id, question_id, option_index, option_text) VALUES (300, 75, 3, 'Managing deployments');
INSERT INTO questions (id, external_id, subtopic_id, question, question_type, correct_answer, correct_index, explanation, learn) VALUES (76, 'dm_016', 4, 'What is a polymorphic association?', 'multiple_choice', 'A relationship to multiple possible entity types', 1, 'Polymorphic associations allow flexible relations.', NULL);
INSERT INTO options (id, question_id, option_index, option_text) VALUES (301, 76, 0, 'A many-to-many relationship');
INSERT INTO options (id, question_id, option_index, option_text) VALUES (302, 76, 1, 'A relationship to multiple possible entity types');
INSERT INTO options (id, question_id, option_index, option_text) VALUES (303, 76, 2, 'A self-referencing table');
INSERT INTO options (id, question_id, option_index, option_text) VALUES (304, 76, 3, 'A composite index');
INSERT INTO questions (id, external_id, subtopic_id, question, question_type, correct_answer, correct_index, explanation, learn) VALUES (77, 'dm_017', 4, 'What is a materialized view?', 'multiple_choice', 'A cached query result stored physically', 1, 'Materialized views speed up complex queries.', 'A materialized view is a special kind of database object that stores the actual results of a query. Unlike a regular view, which is a virtual table defined by a query that runs every time it''s accessed, a materialized view pre-computes and saves the data to disk.

This physical storage makes materialized views very powerful for performance optimization. When you have complex queries involving many joins or aggregations, pre-calculating and storing these results means that subsequent requests for that data can be served much faster, as the database doesn''t need to re-execute the original complex query each time.');
INSERT INTO options (id, question_id, option_index, option_text) VALUES (305, 77, 0, 'A virtual query');
INSERT INTO options (id, question_id, option_index, option_text) VALUES (306, 77, 1, 'A cached query result stored physically');
INSERT INTO options (id, question_id, option_index, option_text) VALUES (307, 77, 2, 'A foreign key');
INSERT INTO options (id, question_id, option_index, option_text) VALUES (308, 77, 3, 'A join table');
INSERT INTO questions (id, external_id, subtopic_id, question, question_type, correct_answer, correct_index, explanation, learn) VALUES (78, 'dm_018', 4, 'What is data integrity?', 'multiple_choice', 'Ensuring accuracy and consistency of data', 1, 'Integrity ensures data correctness.', NULL);
INSERT INTO options (id, question_id, option_index, option_text) VALUES (309, 78, 0, 'Encrypting backups');
INSERT INTO options (id, question_id, option_index, option_text) VALUES (310, 78, 1, 'Ensuring accuracy and consistency of data');
INSERT INTO options (id, question_id, option_index, option_text) VALUES (311, 78, 2, 'Faster queries');
INSERT INTO options (id, question_id, option_index, option_text) VALUES (312, 78, 3, 'Higher cache hit rate');
INSERT INTO questions (id, external_id, subtopic_id, question, question_type, correct_answer, correct_index, explanation, learn) VALUES (79, 'dm_019', 4, 'What is an anti-pattern in data modeling?', 'multiple_choice', 'Storing multiple values in a single column', 1, 'This breaks relational design principles.', NULL);
INSERT INTO options (id, question_id, option_index, option_text) VALUES (313, 79, 0, 'Using foreign keys');
INSERT INTO options (id, question_id, option_index, option_text) VALUES (314, 79, 1, 'Storing multiple values in a single column');
INSERT INTO options (id, question_id, option_index, option_text) VALUES (315, 79, 2, 'Using indexes');
INSERT INTO options (id, question_id, option_index, option_text) VALUES (316, 79, 3, 'Normalizing tables');
INSERT INTO questions (id, external_id, subtopic_id, question, question_type, correct_answer, correct_index, explanation, learn) VALUES (80, 'dm_020', 4, 'Why might you store denormalized data for search systems?', 'multiple_choice', 'To reduce joins and improve search performance', 1, 'Search systems favor denormalized documents.', NULL);
INSERT INTO options (id, question_id, option_index, option_text) VALUES (317, 80, 0, 'To enforce foreign keys');
INSERT INTO options (id, question_id, option_index, option_text) VALUES (318, 80, 1, 'To reduce joins and improve search performance');
INSERT INTO options (id, question_id, option_index, option_text) VALUES (319, 80, 2, 'To encrypt fields');
INSERT INTO options (id, question_id, option_index, option_text) VALUES (320, 80, 3, 'To improve write performance');
INSERT INTO questions (id, external_id, subtopic_id, question, question_type, correct_answer, correct_index, explanation, learn) VALUES (81, 'db_001', 5, 'What is the primary purpose of a database index?', 'multiple_choice', 'Speed up read queries', 1, 'Indexes improve query performance at the cost of slower writes and extra storage.', NULL);
INSERT INTO options (id, question_id, option_index, option_text) VALUES (321, 81, 0, 'Enforce foreign keys');
INSERT INTO options (id, question_id, option_index, option_text) VALUES (322, 81, 1, 'Speed up read queries');
INSERT INTO options (id, question_id, option_index, option_text) VALUES (323, 81, 2, 'Reduce storage size');
INSERT INTO options (id, question_id, option_index, option_text) VALUES (324, 81, 3, 'Guarantee consistency');
INSERT INTO questions (id, external_id, subtopic_id, question, question_type, correct_answer, correct_index, explanation, learn) VALUES (82, 'db_002', 5, 'What is a common downside of having too many indexes?', 'multiple_choice', 'Slower writes', 1, 'Each write must update indexes, increasing write latency.', NULL);
INSERT INTO options (id, question_id, option_index, option_text) VALUES (325, 82, 0, 'Slower reads');
INSERT INTO options (id, question_id, option_index, option_text) VALUES (326, 82, 1, 'Slower writes');
INSERT INTO options (id, question_id, option_index, option_text) VALUES (327, 82, 2, 'Data corruption');
INSERT INTO options (id, question_id, option_index, option_text) VALUES (328, 82, 3, 'Loss of transactions');
INSERT INTO questions (id, external_id, subtopic_id, question, question_type, correct_answer, correct_index, explanation, learn) VALUES (83, 'db_003', 5, 'Which isolation level prevents dirty reads?', 'multiple_choice', 'Read Committed', 1, 'Read Committed prevents reading uncommitted (dirty) data.', NULL);
INSERT INTO options (id, question_id, option_index, option_text) VALUES (329, 83, 0, 'Read Uncommitted');
INSERT INTO options (id, question_id, option_index, option_text) VALUES (330, 83, 1, 'Read Committed');
INSERT INTO options (id, question_id, option_index, option_text) VALUES (331, 83, 2, 'Repeatable Read');
INSERT INTO options (id, question_id, option_index, option_text) VALUES (332, 83, 3, 'Serializable');
INSERT INTO questions (id, external_id, subtopic_id, question, question_type, correct_answer, correct_index, explanation, learn) VALUES (84, 'db_004', 5, 'Which isolation level prevents phantom reads?', 'multiple_choice', 'Serializable', 2, 'Serializable provides full isolation, preventing phantom reads.', 'A phantom read occurs when a transaction executes a query multiple times, and the second execution returns a different set of rows than the first. This happens because another transaction has concurrently inserted or deleted rows that meet the query''s criteria, and those changes have been committed. It''s a specific type of concurrency anomaly where the *number* of rows seen changes.

While isolation levels like Read Committed prevent seeing uncommitted data, and Repeatable Read ensures that repeated reads of the *same row* yield the same data, they often do not prevent phantom reads. These levels primarily focus on the consistency of existing rows, but might still allow new rows to appear if another transaction commits an insertion within the queried range.

To completely prevent phantom reads, an isolation level must guarantee that the set of rows returned by a query remains constant throughout a transaction. This is typically achieved either by placing locks on the entire range of data that a query might access, preventing other transactions from inserting or deleting rows in that range, or by providing each transaction with a consistent "snapshot" of the database as it existed at the transaction''s start, making it immune to subsequent committed changes.');
INSERT INTO options (id, question_id, option_index, option_text) VALUES (333, 84, 0, 'Read Committed');
INSERT INTO options (id, question_id, option_index, option_text) VALUES (334, 84, 1, 'Repeatable Read');
INSERT INTO options (id, question_id, option_index, option_text) VALUES (335, 84, 2, 'Serializable');
INSERT INTO options (id, question_id, option_index, option_text) VALUES (336, 84, 3, 'Snapshot');
INSERT INTO questions (id, external_id, subtopic_id, question, question_type, correct_answer, correct_index, explanation, learn) VALUES (85, 'db_005', 5, 'What is database normalization primarily used for?', 'multiple_choice', 'Reduce data redundancy', 1, 'Normalization reduces duplication and improves data integrity.', NULL);
INSERT INTO options (id, question_id, option_index, option_text) VALUES (337, 85, 0, 'Improve query speed');
INSERT INTO options (id, question_id, option_index, option_text) VALUES (338, 85, 1, 'Reduce data redundancy');
INSERT INTO options (id, question_id, option_index, option_text) VALUES (339, 85, 2, 'Increase storage');
INSERT INTO options (id, question_id, option_index, option_text) VALUES (340, 85, 3, 'Simplify backups');
INSERT INTO questions (id, external_id, subtopic_id, question, question_type, correct_answer, correct_index, explanation, learn) VALUES (86, 'db_006', 5, 'Which scenario is best suited for a NoSQL database?', 'multiple_choice', 'Highly variable schema', 2, 'NoSQL is well-suited for flexible or evolving schemas.', NULL);
INSERT INTO options (id, question_id, option_index, option_text) VALUES (341, 86, 0, 'Complex joins across many tables');
INSERT INTO options (id, question_id, option_index, option_text) VALUES (342, 86, 1, 'Strong relational constraints');
INSERT INTO options (id, question_id, option_index, option_text) VALUES (343, 86, 2, 'Highly variable schema');
INSERT INTO options (id, question_id, option_index, option_text) VALUES (344, 86, 3, 'Financial transactions');
INSERT INTO questions (id, external_id, subtopic_id, question, question_type, correct_answer, correct_index, explanation, learn) VALUES (87, 'db_007', 5, 'What is an N+1 query problem?', 'multiple_choice', 'One query per row of a result set', 1, 'N+1 occurs when a main query triggers additional queries per row.', NULL);
INSERT INTO options (id, question_id, option_index, option_text) VALUES (345, 87, 0, 'A query that returns too many rows');
INSERT INTO options (id, question_id, option_index, option_text) VALUES (346, 87, 1, 'One query per row of a result set');
INSERT INTO options (id, question_id, option_index, option_text) VALUES (347, 87, 2, 'A query that locks multiple tables');
INSERT INTO options (id, question_id, option_index, option_text) VALUES (348, 87, 3, 'A slow index scan');
INSERT INTO questions (id, external_id, subtopic_id, question, question_type, correct_answer, correct_index, explanation, learn) VALUES (88, 'db_008', 5, 'What is the purpose of a foreign key?', 'multiple_choice', 'Enforce referential integrity', 1, 'Foreign keys ensure related records remain consistent.', NULL);
INSERT INTO options (id, question_id, option_index, option_text) VALUES (349, 88, 0, 'Improve query speed');
INSERT INTO options (id, question_id, option_index, option_text) VALUES (350, 88, 1, 'Enforce referential integrity');
INSERT INTO options (id, question_id, option_index, option_text) VALUES (351, 88, 2, 'Encrypt data');
INSERT INTO options (id, question_id, option_index, option_text) VALUES (352, 88, 3, 'Normalize JSON fields');
INSERT INTO questions (id, external_id, subtopic_id, question, question_type, correct_answer, correct_index, explanation, learn) VALUES (89, 'db_009', 5, 'What does ACID stand for?', 'multiple_choice', 'Atomicity, Consistency, Isolation, Durability', 0, 'ACID defines key properties of reliable transactions.', NULL);
INSERT INTO options (id, question_id, option_index, option_text) VALUES (353, 89, 0, 'Atomicity, Consistency, Isolation, Durability');
INSERT INTO options (id, question_id, option_index, option_text) VALUES (354, 89, 1, 'Accuracy, Consistency, Indexing, Durability');
INSERT INTO options (id, question_id, option_index, option_text) VALUES (355, 89, 2, 'Atomicity, Concurrency, Integrity, Durability');
INSERT INTO options (id, question_id, option_index, option_text) VALUES (356, 89, 3, 'Availability, Consistency, Isolation, Durability');
INSERT INTO questions (id, external_id, subtopic_id, question, question_type, correct_answer, correct_index, explanation, learn) VALUES (90, 'db_010', 5, 'What is the main trade-off of using transactions?', 'multiple_choice', 'Increased latency and locking', 1, 'Transactions can introduce locking and performance overhead.', 'Transactions are powerful tools that ensure the reliability and integrity of your data operations. They group multiple steps into a single, indivisible unit, guaranteeing that either all steps complete successfully, or none of them do, even in the face of errors or system failures. This commitment to data consistency is fundamental for robust applications.

However, achieving this high level of data integrity and isolation comes with a cost. To prevent conflicts and maintain data accuracy when multiple operations try to access or modify the same data concurrently, transactions often employ mechanisms like locking. These locks can cause other operations to wait, leading to delays and reduced throughput.

Therefore, while transactions are essential for data reliability, their implementation can introduce performance overhead, as resources might be held longer and concurrent access might be restricted to preserve data integrity.');
INSERT INTO options (id, question_id, option_index, option_text) VALUES (357, 90, 0, 'Reduced consistency');
INSERT INTO options (id, question_id, option_index, option_text) VALUES (358, 90, 1, 'Increased latency and locking');
INSERT INTO options (id, question_id, option_index, option_text) VALUES (359, 90, 2, 'Data duplication');
INSERT INTO options (id, question_id, option_index, option_text) VALUES (360, 90, 3, 'Loss of durability');
INSERT INTO questions (id, external_id, subtopic_id, question, question_type, correct_answer, correct_index, explanation, learn) VALUES (91, 'db_011', 5, 'What is a covering index?', 'multiple_choice', 'An index that contains all columns needed by a query', 1, 'Covering indexes allow queries to be satisfied without accessing the table.', NULL);
INSERT INTO options (id, question_id, option_index, option_text) VALUES (361, 91, 0, 'An index that enforces uniqueness');
INSERT INTO options (id, question_id, option_index, option_text) VALUES (362, 91, 1, 'An index that contains all columns needed by a query');
INSERT INTO options (id, question_id, option_index, option_text) VALUES (363, 91, 2, 'An index on foreign keys');
INSERT INTO options (id, question_id, option_index, option_text) VALUES (364, 91, 3, 'An index used for full-text search');
INSERT INTO questions (id, external_id, subtopic_id, question, question_type, correct_answer, correct_index, explanation, learn) VALUES (92, 'db_012', 5, 'Which operation is typically the most expensive?', 'multiple_choice', 'Full table scan', 2, 'Full table scans read all rows and are costly on large tables.', NULL);
INSERT INTO options (id, question_id, option_index, option_text) VALUES (365, 92, 0, 'Sequential scan');
INSERT INTO options (id, question_id, option_index, option_text) VALUES (366, 92, 1, 'Index seek');
INSERT INTO options (id, question_id, option_index, option_text) VALUES (367, 92, 2, 'Full table scan');
INSERT INTO options (id, question_id, option_index, option_text) VALUES (368, 92, 3, 'Index-only scan');
INSERT INTO questions (id, external_id, subtopic_id, question, question_type, correct_answer, correct_index, explanation, learn) VALUES (93, 'db_013', 5, 'What is a migration in database context?', 'multiple_choice', 'Versioned schema change', 1, 'Migrations manage controlled schema evolution.', NULL);
INSERT INTO options (id, question_id, option_index, option_text) VALUES (369, 93, 0, 'Moving data to a new server');
INSERT INTO options (id, question_id, option_index, option_text) VALUES (370, 93, 1, 'Versioned schema change');
INSERT INTO options (id, question_id, option_index, option_text) VALUES (371, 93, 2, 'Backup restore');
INSERT INTO options (id, question_id, option_index, option_text) VALUES (372, 93, 3, 'Index rebuild');
INSERT INTO questions (id, external_id, subtopic_id, question, question_type, correct_answer, correct_index, explanation, learn) VALUES (94, 'db_014', 5, 'What is the purpose of a unique constraint?', 'multiple_choice', 'Prevent duplicate values', 1, 'Unique constraints ensure column values are unique.', NULL);
INSERT INTO options (id, question_id, option_index, option_text) VALUES (373, 94, 0, 'Improve join performance');
INSERT INTO options (id, question_id, option_index, option_text) VALUES (374, 94, 1, 'Prevent duplicate values');
INSERT INTO options (id, question_id, option_index, option_text) VALUES (375, 94, 2, 'Encrypt columns');
INSERT INTO options (id, question_id, option_index, option_text) VALUES (376, 94, 3, 'Speed up deletes');
INSERT INTO questions (id, external_id, subtopic_id, question, question_type, correct_answer, correct_index, explanation, learn) VALUES (95, 'db_015', 5, 'What is write amplification?', 'multiple_choice', 'Logical writes causing multiple physical writes', 1, 'Write amplification occurs when one logical write triggers many physical writes.', NULL);
INSERT INTO options (id, question_id, option_index, option_text) VALUES (377, 95, 0, 'Writing multiple replicas');
INSERT INTO options (id, question_id, option_index, option_text) VALUES (378, 95, 1, 'Logical writes causing multiple physical writes');
INSERT INTO options (id, question_id, option_index, option_text) VALUES (379, 95, 2, 'Large transactions');
INSERT INTO options (id, question_id, option_index, option_text) VALUES (380, 95, 3, 'Logging slow queries');
INSERT INTO questions (id, external_id, subtopic_id, question, question_type, correct_answer, correct_index, explanation, learn) VALUES (96, 'db_016', 5, 'Which tool helps analyze query performance in SQL databases?', 'multiple_choice', 'EXPLAIN / EXPLAIN ANALYZE', 0, 'EXPLAIN shows query plans and helps diagnose performance.', NULL);
INSERT INTO options (id, question_id, option_index, option_text) VALUES (381, 96, 0, 'EXPLAIN / EXPLAIN ANALYZE');
INSERT INTO options (id, question_id, option_index, option_text) VALUES (382, 96, 1, 'VACUUM');
INSERT INTO options (id, question_id, option_index, option_text) VALUES (383, 96, 2, 'BACKUP');
INSERT INTO options (id, question_id, option_index, option_text) VALUES (384, 96, 3, 'GRANT');
INSERT INTO questions (id, external_id, subtopic_id, question, question_type, correct_answer, correct_index, explanation, learn) VALUES (97, 'db_017', 5, 'What is a deadlock?', 'multiple_choice', 'Two transactions waiting on each other', 1, 'Deadlocks occur when transactions block each other circularly.', NULL);
INSERT INTO options (id, question_id, option_index, option_text) VALUES (385, 97, 0, 'A failed transaction');
INSERT INTO options (id, question_id, option_index, option_text) VALUES (386, 97, 1, 'Two transactions waiting on each other');
INSERT INTO options (id, question_id, option_index, option_text) VALUES (387, 97, 2, 'A slow query');
INSERT INTO options (id, question_id, option_index, option_text) VALUES (388, 97, 3, 'A corrupted index');
INSERT INTO questions (id, external_id, subtopic_id, question, question_type, correct_answer, correct_index, explanation, learn) VALUES (98, 'db_018', 5, 'What is eventual consistency?', 'multiple_choice', 'Data becomes consistent over time', 2, 'Eventual consistency allows temporary inconsistencies.', NULL);
INSERT INTO options (id, question_id, option_index, option_text) VALUES (389, 98, 0, 'Immediate consistency across replicas');
INSERT INTO options (id, question_id, option_index, option_text) VALUES (390, 98, 1, 'Strong transactional consistency');
INSERT INTO options (id, question_id, option_index, option_text) VALUES (391, 98, 2, 'Data becomes consistent over time');
INSERT INTO options (id, question_id, option_index, option_text) VALUES (392, 98, 3, 'No consistency guarantees');
INSERT INTO questions (id, external_id, subtopic_id, question, question_type, correct_answer, correct_index, explanation, learn) VALUES (99, 'db_019', 5, 'What is denormalization primarily used for?', 'multiple_choice', 'Improve read performance', 1, 'Denormalization trades redundancy for faster reads.', NULL);
INSERT INTO options (id, question_id, option_index, option_text) VALUES (393, 99, 0, 'Reduce storage');
INSERT INTO options (id, question_id, option_index, option_text) VALUES (394, 99, 1, 'Improve read performance');
INSERT INTO options (id, question_id, option_index, option_text) VALUES (395, 99, 2, 'Enforce constraints');
INSERT INTO options (id, question_id, option_index, option_text) VALUES (396, 99, 3, 'Increase schema flexibility');
INSERT INTO questions (id, external_id, subtopic_id, question, question_type, correct_answer, correct_index, explanation, learn) VALUES (100, 'db_020', 5, 'What is a primary key?', 'multiple_choice', 'A unique identifier for a row', 1, 'Primary keys uniquely identify each row in a table.', NULL);
INSERT INTO options (id, question_id, option_index, option_text) VALUES (397, 100, 0, 'A nullable identifier');
INSERT INTO options (id, question_id, option_index, option_text) VALUES (398, 100, 1, 'A unique identifier for a row');
INSERT INTO options (id, question_id, option_index, option_text) VALUES (399, 100, 2, 'An encrypted field');
INSERT INTO options (id, question_id, option_index, option_text) VALUES (400, 100, 3, 'A foreign key reference');
INSERT INTO questions (id, external_id, subtopic_id, question, question_type, correct_answer, correct_index, explanation, learn) VALUES (101, 'es_001', 6, 'What is a shard in Elasticsearch?', 'multiple_choice', 'A logical partition of an index', 1, 'Shards split an index into smaller pieces for scalability and distribution.', 'In Elasticsearch, a shard is a fundamental unit that holds a subset of your index''s data. When you create an index, Elasticsearch transparently divides it into one or more shards. Each shard is a complete, independent index that can be hosted on any node in your cluster.

This partitioning is essential for Elasticsearch''s scalability and performance. By breaking a large index into smaller, manageable pieces, Elasticsearch can distribute these shards across multiple nodes, allowing for horizontal scaling and parallel processing of queries. This enables your cluster to handle vast amounts of data and execute searches very efficiently.');
INSERT INTO options (id, question_id, option_index, option_text) VALUES (401, 101, 0, 'A replica copy of an index');
INSERT INTO options (id, question_id, option_index, option_text) VALUES (402, 101, 1, 'A logical partition of an index');
INSERT INTO options (id, question_id, option_index, option_text) VALUES (403, 101, 2, 'A backup snapshot');
INSERT INTO options (id, question_id, option_index, option_text) VALUES (404, 101, 3, 'A mapping definition');
INSERT INTO questions (id, external_id, subtopic_id, question, question_type, correct_answer, correct_index, explanation, learn) VALUES (102, 'es_002', 6, 'What is the purpose of a replica shard?', 'multiple_choice', 'Provide high availability and read scaling', 1, 'Replicas improve fault tolerance and allow parallel reads.', NULL);
INSERT INTO options (id, question_id, option_index, option_text) VALUES (405, 102, 0, 'Increase indexing speed');
INSERT INTO options (id, question_id, option_index, option_text) VALUES (406, 102, 1, 'Provide high availability and read scaling');
INSERT INTO options (id, question_id, option_index, option_text) VALUES (407, 102, 2, 'Store mappings');
INSERT INTO options (id, question_id, option_index, option_text) VALUES (408, 102, 3, 'Reduce disk usage');
INSERT INTO questions (id, external_id, subtopic_id, question, question_type, correct_answer, correct_index, explanation, learn) VALUES (103, 'es_003', 6, 'What happens if you change the mapping of an existing field?', 'multiple_choice', 'It requires reindexing', 2, 'Most mapping changes require reindexing existing data.', NULL);
INSERT INTO options (id, question_id, option_index, option_text) VALUES (409, 103, 0, 'Elasticsearch updates it automatically');
INSERT INTO options (id, question_id, option_index, option_text) VALUES (410, 103, 1, 'Only new documents use the new mapping');
INSERT INTO options (id, question_id, option_index, option_text) VALUES (411, 103, 2, 'It requires reindexing');
INSERT INTO options (id, question_id, option_index, option_text) VALUES (412, 103, 3, 'It is ignored');
INSERT INTO questions (id, external_id, subtopic_id, question, question_type, correct_answer, correct_index, explanation, learn) VALUES (104, 'es_004', 6, 'What is the purpose of an analyzer?', 'multiple_choice', 'Tokenize and normalize text for search', 1, 'Analyzers define how text is processed for indexing and querying.', NULL);
INSERT INTO options (id, question_id, option_index, option_text) VALUES (413, 104, 0, 'Store JSON documents');
INSERT INTO options (id, question_id, option_index, option_text) VALUES (414, 104, 1, 'Tokenize and normalize text for search');
INSERT INTO options (id, question_id, option_index, option_text) VALUES (415, 104, 2, 'Replicate shards');
INSERT INTO options (id, question_id, option_index, option_text) VALUES (416, 104, 3, 'Control memory usage');
INSERT INTO questions (id, external_id, subtopic_id, question, question_type, correct_answer, correct_index, explanation, learn) VALUES (105, 'es_005', 6, 'Which query type is best for full-text search?', 'multiple_choice', 'match', 1, 'match queries analyze text and are used for full-text search.', NULL);
INSERT INTO options (id, question_id, option_index, option_text) VALUES (417, 105, 0, 'term');
INSERT INTO options (id, question_id, option_index, option_text) VALUES (418, 105, 1, 'match');
INSERT INTO options (id, question_id, option_index, option_text) VALUES (419, 105, 2, 'range');
INSERT INTO options (id, question_id, option_index, option_text) VALUES (420, 105, 3, 'exists');
INSERT INTO questions (id, external_id, subtopic_id, question, question_type, correct_answer, correct_index, explanation, learn) VALUES (106, 'es_006', 6, 'What does a term query do?', 'multiple_choice', 'Searches for exact values', 1, 'term queries do not analyze input and require exact matches.', NULL);
INSERT INTO options (id, question_id, option_index, option_text) VALUES (421, 106, 0, 'Performs full-text search');
INSERT INTO options (id, question_id, option_index, option_text) VALUES (422, 106, 1, 'Searches for exact values');
INSERT INTO options (id, question_id, option_index, option_text) VALUES (423, 106, 2, 'Applies stemming');
INSERT INTO options (id, question_id, option_index, option_text) VALUES (424, 106, 3, 'Tokenizes input');
INSERT INTO questions (id, external_id, subtopic_id, question, question_type, correct_answer, correct_index, explanation, learn) VALUES (107, 'es_007', 6, 'What is an inverted index?', 'multiple_choice', 'Mapping from terms to documents', 1, 'Inverted indexes map terms to the documents containing them.', NULL);
INSERT INTO options (id, question_id, option_index, option_text) VALUES (425, 107, 0, 'Index sorted by document ID');
INSERT INTO options (id, question_id, option_index, option_text) VALUES (426, 107, 1, 'Mapping from terms to documents');
INSERT INTO options (id, question_id, option_index, option_text) VALUES (427, 107, 2, 'Backup of the primary index');
INSERT INTO options (id, question_id, option_index, option_text) VALUES (428, 107, 3, 'Index for numeric fields');
INSERT INTO questions (id, external_id, subtopic_id, question, question_type, correct_answer, correct_index, explanation, learn) VALUES (108, 'es_008', 6, 'What is a common cause of poor search performance?', 'multiple_choice', 'Too many shards', 0, 'Excessive shard count increases overhead and degrades performance.', NULL);
INSERT INTO options (id, question_id, option_index, option_text) VALUES (429, 108, 0, 'Too many shards');
INSERT INTO options (id, question_id, option_index, option_text) VALUES (430, 108, 1, 'Too many analyzers');
INSERT INTO options (id, question_id, option_index, option_text) VALUES (431, 108, 2, 'Too many mappings');
INSERT INTO options (id, question_id, option_index, option_text) VALUES (432, 108, 3, 'Too many aliases');
INSERT INTO questions (id, external_id, subtopic_id, question, question_type, correct_answer, correct_index, explanation, learn) VALUES (109, 'es_009', 6, 'What is a refresh in Elasticsearch?', 'multiple_choice', 'Making newly indexed documents searchable', 1, 'Refresh makes recent changes visible to search.', NULL);
INSERT INTO options (id, question_id, option_index, option_text) VALUES (433, 109, 0, 'Writing data to disk');
INSERT INTO options (id, question_id, option_index, option_text) VALUES (434, 109, 1, 'Making newly indexed documents searchable');
INSERT INTO options (id, question_id, option_index, option_text) VALUES (435, 109, 2, 'Rebuilding indexes');
INSERT INTO options (id, question_id, option_index, option_text) VALUES (436, 109, 3, 'Flushing caches');
INSERT INTO questions (id, external_id, subtopic_id, question, question_type, correct_answer, correct_index, explanation, learn) VALUES (110, 'es_010', 6, 'What is the role of a coordinating node?', 'multiple_choice', 'Distributes search requests and aggregates results', 2, 'Coordinating nodes route queries and merge responses.', NULL);
INSERT INTO options (id, question_id, option_index, option_text) VALUES (437, 110, 0, 'Stores primary shards');
INSERT INTO options (id, question_id, option_index, option_text) VALUES (438, 110, 1, 'Executes all indexing');
INSERT INTO options (id, question_id, option_index, option_text) VALUES (439, 110, 2, 'Distributes search requests and aggregates results');
INSERT INTO options (id, question_id, option_index, option_text) VALUES (440, 110, 3, 'Manages snapshots');
INSERT INTO questions (id, external_id, subtopic_id, question, question_type, correct_answer, correct_index, explanation, learn) VALUES (111, 'es_011', 6, 'Which aggregation type is used to group by a field?', 'multiple_choice', 'terms', 2, 'terms aggregations bucket documents by field values.', NULL);
INSERT INTO options (id, question_id, option_index, option_text) VALUES (441, 111, 0, 'avg');
INSERT INTO options (id, question_id, option_index, option_text) VALUES (442, 111, 1, 'sum');
INSERT INTO options (id, question_id, option_index, option_text) VALUES (443, 111, 2, 'terms');
INSERT INTO options (id, question_id, option_index, option_text) VALUES (444, 111, 3, 'range');
INSERT INTO questions (id, external_id, subtopic_id, question, question_type, correct_answer, correct_index, explanation, learn) VALUES (112, 'es_012', 6, 'What is an alias in Elasticsearch?', 'multiple_choice', 'A logical name pointing to one or more indices', 1, 'Aliases allow index switching without client changes.', NULL);
INSERT INTO options (id, question_id, option_index, option_text) VALUES (445, 112, 0, 'A copy of an index');
INSERT INTO options (id, question_id, option_index, option_text) VALUES (446, 112, 1, 'A logical name pointing to one or more indices');
INSERT INTO options (id, question_id, option_index, option_text) VALUES (447, 112, 2, 'A backup');
INSERT INTO options (id, question_id, option_index, option_text) VALUES (448, 112, 3, 'A mapping template');
INSERT INTO questions (id, external_id, subtopic_id, question, question_type, correct_answer, correct_index, explanation, learn) VALUES (113, 'es_013', 6, 'What is the purpose of bulk API?', 'multiple_choice', 'Speed up multiple indexing operations', 1, 'Bulk API reduces overhead for many operations.', 'The Bulk API is designed for efficiency when you need to perform many operations at once. Instead of sending individual requests for each document, it allows you to combine multiple index, create, update, or delete actions into a single network call.

This approach significantly reduces the overhead associated with network round trips and processing individual requests. By batching these operations, you can achieve much faster data ingestion and modification, especially when dealing with large volumes of data.');
INSERT INTO options (id, question_id, option_index, option_text) VALUES (449, 113, 0, 'Backup indices');
INSERT INTO options (id, question_id, option_index, option_text) VALUES (450, 113, 1, 'Speed up multiple indexing operations');
INSERT INTO options (id, question_id, option_index, option_text) VALUES (451, 113, 2, 'Update mappings');
INSERT INTO options (id, question_id, option_index, option_text) VALUES (452, 113, 3, 'Refresh shards');
INSERT INTO questions (id, external_id, subtopic_id, question, question_type, correct_answer, correct_index, explanation, learn) VALUES (114, 'es_014', 6, 'What is a common strategy for zero-downtime reindexing?', 'multiple_choice', 'Use aliases and reindex into new index', 1, 'Aliases allow switching to new indices seamlessly.', NULL);
INSERT INTO options (id, question_id, option_index, option_text) VALUES (453, 114, 0, 'Delete index and recreate');
INSERT INTO options (id, question_id, option_index, option_text) VALUES (454, 114, 1, 'Use aliases and reindex into new index');
INSERT INTO options (id, question_id, option_index, option_text) VALUES (455, 114, 2, 'Pause traffic');
INSERT INTO options (id, question_id, option_index, option_text) VALUES (456, 114, 3, 'Disable replicas');
INSERT INTO questions (id, external_id, subtopic_id, question, question_type, correct_answer, correct_index, explanation, learn) VALUES (115, 'es_015', 6, 'Which field type is best for full-text search?', 'multiple_choice', 'text', 2, 'text fields are analyzed and used for full-text search.', NULL);
INSERT INTO options (id, question_id, option_index, option_text) VALUES (457, 115, 0, 'keyword');
INSERT INTO options (id, question_id, option_index, option_text) VALUES (458, 115, 1, 'integer');
INSERT INTO options (id, question_id, option_index, option_text) VALUES (459, 115, 2, 'text');
INSERT INTO options (id, question_id, option_index, option_text) VALUES (460, 115, 3, 'date');
INSERT INTO questions (id, external_id, subtopic_id, question, question_type, correct_answer, correct_index, explanation, learn) VALUES (116, 'es_016', 6, 'Which field type is best for exact matching and aggregations?', 'multiple_choice', 'keyword', 1, 'keyword fields are not analyzed and are ideal for aggregations.', NULL);
INSERT INTO options (id, question_id, option_index, option_text) VALUES (461, 116, 0, 'text');
INSERT INTO options (id, question_id, option_index, option_text) VALUES (462, 116, 1, 'keyword');
INSERT INTO options (id, question_id, option_index, option_text) VALUES (463, 116, 2, 'analyzed');
INSERT INTO options (id, question_id, option_index, option_text) VALUES (464, 116, 3, 'object');
INSERT INTO questions (id, external_id, subtopic_id, question, question_type, correct_answer, correct_index, explanation, learn) VALUES (117, 'es_017', 6, 'What is the circuit breaker in Elasticsearch?', 'multiple_choice', 'Prevents memory overuse', 1, 'Circuit breakers protect nodes from out-of-memory errors.', NULL);
INSERT INTO options (id, question_id, option_index, option_text) VALUES (465, 117, 0, 'Prevents disk overflow');
INSERT INTO options (id, question_id, option_index, option_text) VALUES (466, 117, 1, 'Prevents memory overuse');
INSERT INTO options (id, question_id, option_index, option_text) VALUES (467, 117, 2, 'Prevents CPU spikes');
INSERT INTO options (id, question_id, option_index, option_text) VALUES (468, 117, 3, 'Prevents shard relocation');
INSERT INTO questions (id, external_id, subtopic_id, question, question_type, correct_answer, correct_index, explanation, learn) VALUES (118, 'es_018', 6, 'What is the purpose of a snapshot?', 'multiple_choice', 'Backup data', 1, 'Snapshots are used for backups and disaster recovery.', NULL);
INSERT INTO options (id, question_id, option_index, option_text) VALUES (469, 118, 0, 'Increase indexing speed');
INSERT INTO options (id, question_id, option_index, option_text) VALUES (470, 118, 1, 'Backup data');
INSERT INTO options (id, question_id, option_index, option_text) VALUES (471, 118, 2, 'Change mappings');
INSERT INTO options (id, question_id, option_index, option_text) VALUES (472, 118, 3, 'Reduce shard count');
INSERT INTO questions (id, external_id, subtopic_id, question, question_type, correct_answer, correct_index, explanation, learn) VALUES (119, 'es_019', 6, 'Which query is best for filtering by exact value?', 'multiple_choice', 'term', 2, 'term queries are used for exact matches.', 'This interview question probes a fundamental understanding of how search engines like Elasticsearch (which uses Apache Lucene internally) handle data: the critical distinction between **full-text search** and **exact value filtering**, largely driven by **text analysis**. The "best" query depends entirely on the data type and the desired matching behavior.

The `term` query is the unequivocally correct answer for filtering by exact value. It operates on the *exact, unanalyzed tokens* stored in the inverted index. This means it performs a direct lookup for the precise string provided, without any processing like lowercasing, stemming, or tokenization of the query itself. Consequently, it''s ideal for structured data like IDs, keywords, status codes, or any field mapped as a `keyword` data type, where the entire string is indexed as a single, exact value. Using `term` on a `text` field can be tricky, as it would only match if your exact query string happens to be one of the *individual tokens* generated by the field''s analyzer.

In contrast, `match` and `multi_match` queries are designed for full-text search. They apply the same analysis process to your query string as was applied to the indexed field data. This means if you search for "Running Shoes," the `match` query might break it down into "run," "shoe," and find documents containing either. `multi_match` simply extends this behavior across multiple fields. The `query_string` query is highly flexible, supporting complex Lucene query syntax, and *can* be used for exact matches if wrapped in quotes (e.g., `field:"exact phrase"`), but it''s generally more resource-intensive and prone to unexpected analysis behavior if not precisely controlled. For the singular purpose of an *exact value filter*, `term` is the most efficient, precise, and semantically appropriate choice, reflecting a clear understanding of search engine mechanics.');
INSERT INTO options (id, question_id, option_index, option_text) VALUES (473, 119, 0, 'match');
INSERT INTO options (id, question_id, option_index, option_text) VALUES (474, 119, 1, 'query_string');
INSERT INTO options (id, question_id, option_index, option_text) VALUES (475, 119, 2, 'term');
INSERT INTO options (id, question_id, option_index, option_text) VALUES (476, 119, 3, 'multi_match');
INSERT INTO questions (id, external_id, subtopic_id, question, question_type, correct_answer, correct_index, explanation, learn) VALUES (120, 'es_020', 6, 'What is hot-warm-cold architecture?', 'multiple_choice', 'Tiered storage based on data access patterns', 1, 'Hot-warm-cold tiers optimize cost and performance based on usage.', NULL);
INSERT INTO options (id, question_id, option_index, option_text) VALUES (477, 120, 0, 'A backup strategy');
INSERT INTO options (id, question_id, option_index, option_text) VALUES (478, 120, 1, 'Tiered storage based on data access patterns');
INSERT INTO options (id, question_id, option_index, option_text) VALUES (479, 120, 2, 'A shard replication strategy');
INSERT INTO options (id, question_id, option_index, option_text) VALUES (480, 120, 3, 'A mapping strategy');
INSERT INTO questions (id, external_id, subtopic_id, question, question_type, correct_answer, correct_index, explanation, learn) VALUES (121, 'obs_001', 7, 'What are the three pillars of observability?', 'multiple_choice', 'Metrics, logs, traces', 1, 'Observability is built on metrics, logs, and distributed traces.', NULL);
INSERT INTO options (id, question_id, option_index, option_text) VALUES (481, 121, 0, 'Logs, alerts, backups');
INSERT INTO options (id, question_id, option_index, option_text) VALUES (482, 121, 1, 'Metrics, logs, traces');
INSERT INTO options (id, question_id, option_index, option_text) VALUES (483, 121, 2, 'CPU, memory, disk');
INSERT INTO options (id, question_id, option_index, option_text) VALUES (484, 121, 3, 'Requests, responses, retries');
INSERT INTO questions (id, external_id, subtopic_id, question, question_type, correct_answer, correct_index, explanation, learn) VALUES (122, 'obs_002', 7, 'What are metrics primarily used for?', 'multiple_choice', 'Tracking trends and system health over time', 1, 'Metrics show aggregated behavior and trends.', NULL);
INSERT INTO options (id, question_id, option_index, option_text) VALUES (485, 122, 0, 'Debugging single requests');
INSERT INTO options (id, question_id, option_index, option_text) VALUES (486, 122, 1, 'Tracking trends and system health over time');
INSERT INTO options (id, question_id, option_index, option_text) VALUES (487, 122, 2, 'Storing raw events');
INSERT INTO options (id, question_id, option_index, option_text) VALUES (488, 122, 3, 'Handling authentication');
INSERT INTO questions (id, external_id, subtopic_id, question, question_type, correct_answer, correct_index, explanation, learn) VALUES (123, 'obs_003', 7, 'What are logs best used for?', 'multiple_choice', 'Tracking individual events and detailed context', 1, 'Logs capture detailed per-event information.', NULL);
INSERT INTO options (id, question_id, option_index, option_text) VALUES (489, 123, 0, 'Measuring latency percentiles');
INSERT INTO options (id, question_id, option_index, option_text) VALUES (490, 123, 1, 'Tracking individual events and detailed context');
INSERT INTO options (id, question_id, option_index, option_text) VALUES (491, 123, 2, 'Load balancing');
INSERT INTO options (id, question_id, option_index, option_text) VALUES (492, 123, 3, 'Encrypting traffic');
INSERT INTO questions (id, external_id, subtopic_id, question, question_type, correct_answer, correct_index, explanation, learn) VALUES (124, 'obs_004', 7, 'What are distributed traces used for?', 'multiple_choice', 'Tracking a request across multiple services', 1, 'Traces show how a request flows through systems.', NULL);
INSERT INTO options (id, question_id, option_index, option_text) VALUES (493, 124, 0, 'Counting total requests');
INSERT INTO options (id, question_id, option_index, option_text) VALUES (494, 124, 1, 'Tracking a request across multiple services');
INSERT INTO options (id, question_id, option_index, option_text) VALUES (495, 124, 2, 'Storing user sessions');
INSERT INTO options (id, question_id, option_index, option_text) VALUES (496, 124, 3, 'Rotating logs');
INSERT INTO questions (id, external_id, subtopic_id, question, question_type, correct_answer, correct_index, explanation, learn) VALUES (125, 'obs_005', 7, 'What is a service-level indicator (SLI)?', 'multiple_choice', 'A specific measurable metric of service performance', 1, 'SLIs quantify aspects like latency or error rate.', NULL);
INSERT INTO options (id, question_id, option_index, option_text) VALUES (497, 125, 0, 'A business KPI');
INSERT INTO options (id, question_id, option_index, option_text) VALUES (498, 125, 1, 'A specific measurable metric of service performance');
INSERT INTO options (id, question_id, option_index, option_text) VALUES (499, 125, 2, 'A deployment strategy');
INSERT INTO options (id, question_id, option_index, option_text) VALUES (500, 125, 3, 'A cache key');
INSERT INTO questions (id, external_id, subtopic_id, question, question_type, correct_answer, correct_index, explanation, learn) VALUES (126, 'obs_006', 7, 'What is a service-level objective (SLO)?', 'multiple_choice', 'A reliability target for an SLI', 1, 'SLOs define acceptable performance levels.', NULL);
INSERT INTO options (id, question_id, option_index, option_text) VALUES (501, 126, 0, 'A budget target');
INSERT INTO options (id, question_id, option_index, option_text) VALUES (502, 126, 1, 'A reliability target for an SLI');
INSERT INTO options (id, question_id, option_index, option_text) VALUES (503, 126, 2, 'A deployment frequency');
INSERT INTO options (id, question_id, option_index, option_text) VALUES (504, 126, 3, 'A server capacity limit');
INSERT INTO questions (id, external_id, subtopic_id, question, question_type, correct_answer, correct_index, explanation, learn) VALUES (127, 'obs_007', 7, 'What is alert fatigue?', 'multiple_choice', 'Too many alerts causing important ones to be ignored', 1, 'Excessive alerts reduce effectiveness.', NULL);
INSERT INTO options (id, question_id, option_index, option_text) VALUES (505, 127, 0, 'High CPU usage');
INSERT INTO options (id, question_id, option_index, option_text) VALUES (506, 127, 1, 'Too many alerts causing important ones to be ignored');
INSERT INTO options (id, question_id, option_index, option_text) VALUES (507, 127, 2, 'Slow log ingestion');
INSERT INTO options (id, question_id, option_index, option_text) VALUES (508, 127, 3, 'High request latency');
INSERT INTO questions (id, external_id, subtopic_id, question, question_type, correct_answer, correct_index, explanation, learn) VALUES (128, 'obs_008', 7, 'What is a good alerting practice?', 'multiple_choice', 'Alert on user-impacting symptoms', 1, 'Alerts should reflect real customer impact.', NULL);
INSERT INTO options (id, question_id, option_index, option_text) VALUES (509, 128, 0, 'Alert on every error');
INSERT INTO options (id, question_id, option_index, option_text) VALUES (510, 128, 1, 'Alert on user-impacting symptoms');
INSERT INTO options (id, question_id, option_index, option_text) VALUES (511, 128, 2, 'Alert on all logs');
INSERT INTO options (id, question_id, option_index, option_text) VALUES (512, 128, 3, 'Alert only during deployments');
INSERT INTO questions (id, external_id, subtopic_id, question, question_type, correct_answer, correct_index, explanation, learn) VALUES (129, 'obs_009', 7, 'What does p95 latency represent?', 'multiple_choice', '95th percentile latency', 2, 'p95 shows tail latency affecting many users.', NULL);
INSERT INTO options (id, question_id, option_index, option_text) VALUES (513, 129, 0, 'Average latency');
INSERT INTO options (id, question_id, option_index, option_text) VALUES (514, 129, 1, 'Maximum latency');
INSERT INTO options (id, question_id, option_index, option_text) VALUES (515, 129, 2, '95th percentile latency');
INSERT INTO options (id, question_id, option_index, option_text) VALUES (516, 129, 3, 'Minimum latency');
INSERT INTO questions (id, external_id, subtopic_id, question, question_type, correct_answer, correct_index, explanation, learn) VALUES (130, 'obs_010', 7, 'What is correlation ID primarily used for?', 'multiple_choice', 'Linking logs and traces across services', 2, 'Correlation IDs tie related events together.', NULL);
INSERT INTO options (id, question_id, option_index, option_text) VALUES (517, 130, 0, 'Caching');
INSERT INTO options (id, question_id, option_index, option_text) VALUES (518, 130, 1, 'Load balancing');
INSERT INTO options (id, question_id, option_index, option_text) VALUES (519, 130, 2, 'Linking logs and traces across services');
INSERT INTO options (id, question_id, option_index, option_text) VALUES (520, 130, 3, 'Encrypting requests');
INSERT INTO questions (id, external_id, subtopic_id, question, question_type, correct_answer, correct_index, explanation, learn) VALUES (131, 'obs_011', 7, 'What is structured logging?', 'multiple_choice', 'Logging in a machine-readable format like JSON', 1, 'Structured logs enable better querying and analysis.', NULL);
INSERT INTO options (id, question_id, option_index, option_text) VALUES (521, 131, 0, 'Logging plain text only');
INSERT INTO options (id, question_id, option_index, option_text) VALUES (522, 131, 1, 'Logging in a machine-readable format like JSON');
INSERT INTO options (id, question_id, option_index, option_text) VALUES (523, 131, 2, 'Logging only errors');
INSERT INTO options (id, question_id, option_index, option_text) VALUES (524, 131, 3, 'Logging to a database');
INSERT INTO questions (id, external_id, subtopic_id, question, question_type, correct_answer, correct_index, explanation, learn) VALUES (132, 'obs_012', 7, 'What is RED metrics?', 'multiple_choice', 'Requests, Errors, Duration', 0, 'RED focuses on request-based services.', NULL);
INSERT INTO options (id, question_id, option_index, option_text) VALUES (525, 132, 0, 'Requests, Errors, Duration');
INSERT INTO options (id, question_id, option_index, option_text) VALUES (526, 132, 1, 'Retries, Exceptions, Downtime');
INSERT INTO options (id, question_id, option_index, option_text) VALUES (527, 132, 2, 'Reads, Executes, Deletes');
INSERT INTO options (id, question_id, option_index, option_text) VALUES (528, 132, 3, 'Resources, Events, Delays');
INSERT INTO questions (id, external_id, subtopic_id, question, question_type, correct_answer, correct_index, explanation, learn) VALUES (133, 'obs_013', 7, 'What is USE method?', 'multiple_choice', 'Utilization, Saturation, Errors', 0, 'USE is for resource monitoring.', NULL);
INSERT INTO options (id, question_id, option_index, option_text) VALUES (529, 133, 0, 'Utilization, Saturation, Errors');
INSERT INTO options (id, question_id, option_index, option_text) VALUES (530, 133, 1, 'Usage, Speed, Errors');
INSERT INTO options (id, question_id, option_index, option_text) VALUES (531, 133, 2, 'Updates, Sessions, Events');
INSERT INTO options (id, question_id, option_index, option_text) VALUES (532, 133, 3, 'Uptime, Scalability, Efficiency');
INSERT INTO questions (id, external_id, subtopic_id, question, question_type, correct_answer, correct_index, explanation, learn) VALUES (134, 'obs_014', 7, 'Why are high-cardinality labels risky in metrics?', 'multiple_choice', 'They increase storage and query cost significantly', 1, 'High cardinality can overwhelm metrics systems.', NULL);
INSERT INTO options (id, question_id, option_index, option_text) VALUES (533, 134, 0, 'They improve accuracy');
INSERT INTO options (id, question_id, option_index, option_text) VALUES (534, 134, 1, 'They increase storage and query cost significantly');
INSERT INTO options (id, question_id, option_index, option_text) VALUES (535, 134, 2, 'They reduce latency');
INSERT INTO options (id, question_id, option_index, option_text) VALUES (536, 134, 3, 'They improve alerting');
INSERT INTO questions (id, external_id, subtopic_id, question, question_type, correct_answer, correct_index, explanation, learn) VALUES (135, 'obs_015', 7, 'What is an error budget?', 'multiple_choice', 'Allowed downtime or errors within an SLO', 0, 'Error budgets balance reliability and velocity.', NULL);
INSERT INTO options (id, question_id, option_index, option_text) VALUES (537, 135, 0, 'Allowed downtime or errors within an SLO');
INSERT INTO options (id, question_id, option_index, option_text) VALUES (538, 135, 1, 'Infrastructure spending limit');
INSERT INTO options (id, question_id, option_index, option_text) VALUES (539, 135, 2, 'Number of retries allowed');
INSERT INTO options (id, question_id, option_index, option_text) VALUES (540, 135, 3, 'Log retention period');
INSERT INTO questions (id, external_id, subtopic_id, question, question_type, correct_answer, correct_index, explanation, learn) VALUES (136, 'bs_001', 8, 'What is horizontal scaling?', 'multiple_choice', 'Adding more servers to handle load', 2, 'Horizontal scaling adds instances.', NULL);
INSERT INTO options (id, question_id, option_index, option_text) VALUES (541, 136, 0, 'Adding more CPU to a single server');
INSERT INTO options (id, question_id, option_index, option_text) VALUES (542, 136, 1, 'Adding more memory to a single server');
INSERT INTO options (id, question_id, option_index, option_text) VALUES (543, 136, 2, 'Adding more servers to handle load');
INSERT INTO options (id, question_id, option_index, option_text) VALUES (544, 136, 3, 'Optimizing database queries');
INSERT INTO questions (id, external_id, subtopic_id, question, question_type, correct_answer, correct_index, explanation, learn) VALUES (137, 'bs_002', 8, 'What is vertical scaling?', 'multiple_choice', 'Adding more CPU or RAM to a server', 1, 'Vertical scaling increases resources on one node.', NULL);
INSERT INTO options (id, question_id, option_index, option_text) VALUES (545, 137, 0, 'Adding more servers');
INSERT INTO options (id, question_id, option_index, option_text) VALUES (546, 137, 1, 'Adding more CPU or RAM to a server');
INSERT INTO options (id, question_id, option_index, option_text) VALUES (547, 137, 2, 'Adding a cache layer');
INSERT INTO options (id, question_id, option_index, option_text) VALUES (548, 137, 3, 'Adding a load balancer');
INSERT INTO questions (id, external_id, subtopic_id, question, question_type, correct_answer, correct_index, explanation, learn) VALUES (138, 'bs_003', 8, 'What is a load balancer primarily used for?', 'multiple_choice', 'Distributing traffic across multiple servers', 1, 'Balances load and improves availability.', NULL);
INSERT INTO options (id, question_id, option_index, option_text) VALUES (549, 138, 0, 'Caching responses');
INSERT INTO options (id, question_id, option_index, option_text) VALUES (550, 138, 1, 'Distributing traffic across multiple servers');
INSERT INTO options (id, question_id, option_index, option_text) VALUES (551, 138, 2, 'Encrypting traffic');
INSERT INTO options (id, question_id, option_index, option_text) VALUES (552, 138, 3, 'Logging requests');
INSERT INTO questions (id, external_id, subtopic_id, question, question_type, correct_answer, correct_index, explanation, learn) VALUES (139, 'bs_004', 8, 'What is a common bottleneck in scalable systems?', 'multiple_choice', 'All of the above', 3, 'Any shared resource can become a bottleneck.', NULL);
INSERT INTO options (id, question_id, option_index, option_text) VALUES (553, 139, 0, 'CPU');
INSERT INTO options (id, question_id, option_index, option_text) VALUES (554, 139, 1, 'Memory');
INSERT INTO options (id, question_id, option_index, option_text) VALUES (555, 139, 2, 'Network');
INSERT INTO options (id, question_id, option_index, option_text) VALUES (556, 139, 3, 'All of the above');
INSERT INTO questions (id, external_id, subtopic_id, question, question_type, correct_answer, correct_index, explanation, learn) VALUES (140, 'bs_005', 8, 'Why is statelessness important for horizontal scaling?', 'multiple_choice', 'It allows any instance to handle any request', 1, 'Stateless services scale easily.', NULL);
INSERT INTO options (id, question_id, option_index, option_text) VALUES (557, 140, 0, 'It reduces memory usage');
INSERT INTO options (id, question_id, option_index, option_text) VALUES (558, 140, 1, 'It allows any instance to handle any request');
INSERT INTO options (id, question_id, option_index, option_text) VALUES (559, 140, 2, 'It improves encryption');
INSERT INTO options (id, question_id, option_index, option_text) VALUES (560, 140, 3, 'It simplifies databases');
INSERT INTO questions (id, external_id, subtopic_id, question, question_type, correct_answer, correct_index, explanation, learn) VALUES (141, 'bs_006', 8, 'What is database sharding?', 'multiple_choice', 'Splitting data across multiple databases', 1, 'Sharding distributes data.', NULL);
INSERT INTO options (id, question_id, option_index, option_text) VALUES (561, 141, 0, 'Replicating data to multiple servers');
INSERT INTO options (id, question_id, option_index, option_text) VALUES (562, 141, 1, 'Splitting data across multiple databases');
INSERT INTO options (id, question_id, option_index, option_text) VALUES (563, 141, 2, 'Caching query results');
INSERT INTO options (id, question_id, option_index, option_text) VALUES (564, 141, 3, 'Compressing tables');
INSERT INTO questions (id, external_id, subtopic_id, question, question_type, correct_answer, correct_index, explanation, learn) VALUES (142, 'bs_007', 8, 'What is read replication used for?', 'multiple_choice', 'Improving read throughput', 1, 'Replicas serve read traffic.', NULL);
INSERT INTO options (id, question_id, option_index, option_text) VALUES (565, 142, 0, 'Improving write speed');
INSERT INTO options (id, question_id, option_index, option_text) VALUES (566, 142, 1, 'Improving read throughput');
INSERT INTO options (id, question_id, option_index, option_text) VALUES (567, 142, 2, 'Encrypting data');
INSERT INTO options (id, question_id, option_index, option_text) VALUES (568, 142, 3, 'Reducing schema complexity');
INSERT INTO questions (id, external_id, subtopic_id, question, question_type, correct_answer, correct_index, explanation, learn) VALUES (143, 'bs_008', 8, 'What is a cache primarily used to improve?', 'multiple_choice', 'Latency and throughput', 2, 'Cache reduces load on origin systems.', NULL);
INSERT INTO options (id, question_id, option_index, option_text) VALUES (569, 143, 0, 'Write consistency');
INSERT INTO options (id, question_id, option_index, option_text) VALUES (570, 143, 1, 'Authentication');
INSERT INTO options (id, question_id, option_index, option_text) VALUES (571, 143, 2, 'Latency and throughput');
INSERT INTO options (id, question_id, option_index, option_text) VALUES (572, 143, 3, 'Schema design');
INSERT INTO questions (id, external_id, subtopic_id, question, question_type, correct_answer, correct_index, explanation, learn) VALUES (144, 'bs_009', 8, 'What is eventual consistency?', 'multiple_choice', 'Data becomes consistent over time', 1, 'Replicas converge asynchronously.', NULL);
INSERT INTO options (id, question_id, option_index, option_text) VALUES (573, 144, 0, 'Data is always consistent');
INSERT INTO options (id, question_id, option_index, option_text) VALUES (574, 144, 1, 'Data becomes consistent over time');
INSERT INTO options (id, question_id, option_index, option_text) VALUES (575, 144, 2, 'Data is never consistent');
INSERT INTO options (id, question_id, option_index, option_text) VALUES (576, 144, 3, 'Data is encrypted');
INSERT INTO questions (id, external_id, subtopic_id, question, question_type, correct_answer, correct_index, explanation, learn) VALUES (145, 'bs_010', 8, 'What is backpressure?', 'multiple_choice', 'Slowing producers when consumers are overloaded', 1, 'Protects systems from overload.', NULL);
INSERT INTO options (id, question_id, option_index, option_text) VALUES (577, 145, 0, 'Increasing traffic intentionally');
INSERT INTO options (id, question_id, option_index, option_text) VALUES (578, 145, 1, 'Slowing producers when consumers are overloaded');
INSERT INTO options (id, question_id, option_index, option_text) VALUES (579, 145, 2, 'Encrypting messages');
INSERT INTO options (id, question_id, option_index, option_text) VALUES (580, 145, 3, 'Retrying failed requests');
INSERT INTO questions (id, external_id, subtopic_id, question, question_type, correct_answer, correct_index, explanation, learn) VALUES (146, 'bs_011', 8, 'What is a thundering herd problem?', 'multiple_choice', 'Many clients retrying at the same time', 1, 'Can overload systems.', NULL);
INSERT INTO options (id, question_id, option_index, option_text) VALUES (581, 146, 0, 'Many servers crashing simultaneously');
INSERT INTO options (id, question_id, option_index, option_text) VALUES (582, 146, 1, 'Many clients retrying at the same time');
INSERT INTO options (id, question_id, option_index, option_text) VALUES (583, 146, 2, 'Database schema changes');
INSERT INTO options (id, question_id, option_index, option_text) VALUES (584, 146, 3, 'Cache warming');
INSERT INTO questions (id, external_id, subtopic_id, question, question_type, correct_answer, correct_index, explanation, learn) VALUES (147, 'bs_012', 8, 'How can you mitigate thundering herd?', 'multiple_choice', 'Add jitter to retries', 1, 'Spreads load over time.', NULL);
INSERT INTO options (id, question_id, option_index, option_text) VALUES (585, 147, 0, 'Increase timeouts');
INSERT INTO options (id, question_id, option_index, option_text) VALUES (586, 147, 1, 'Add jitter to retries');
INSERT INTO options (id, question_id, option_index, option_text) VALUES (587, 147, 2, 'Disable caching');
INSERT INTO options (id, question_id, option_index, option_text) VALUES (588, 147, 3, 'Use synchronous processing');
INSERT INTO questions (id, external_id, subtopic_id, question, question_type, correct_answer, correct_index, explanation, learn) VALUES (148, 'bs_013', 8, 'What is a single point of failure?', 'multiple_choice', 'A shared component whose failure brings down the system', 1, 'SPOFs hurt availability.', NULL);
INSERT INTO options (id, question_id, option_index, option_text) VALUES (589, 148, 0, 'A fast server');
INSERT INTO options (id, question_id, option_index, option_text) VALUES (590, 148, 1, 'A shared component whose failure brings down the system');
INSERT INTO options (id, question_id, option_index, option_text) VALUES (591, 148, 2, 'A load balancer');
INSERT INTO options (id, question_id, option_index, option_text) VALUES (592, 148, 3, 'A cache');
INSERT INTO questions (id, external_id, subtopic_id, question, question_type, correct_answer, correct_index, explanation, learn) VALUES (149, 'bs_014', 8, 'Why is asynchronous processing used in scalable systems?', 'multiple_choice', 'To improve responsiveness and throughput', 1, 'Async decouples producers and consumers.', NULL);
INSERT INTO options (id, question_id, option_index, option_text) VALUES (593, 149, 0, 'To block requests');
INSERT INTO options (id, question_id, option_index, option_text) VALUES (594, 149, 1, 'To improve responsiveness and throughput');
INSERT INTO options (id, question_id, option_index, option_text) VALUES (595, 149, 2, 'To simplify code');
INSERT INTO options (id, question_id, option_index, option_text) VALUES (596, 149, 3, 'To increase coupling');
INSERT INTO questions (id, external_id, subtopic_id, question, question_type, correct_answer, correct_index, explanation, learn) VALUES (150, 'bs_015', 8, 'What is autoscaling?', 'multiple_choice', 'Automatically adjusting capacity based on load', 1, 'Matches capacity to demand.', NULL);
INSERT INTO options (id, question_id, option_index, option_text) VALUES (597, 150, 0, 'Manually adding servers');
INSERT INTO options (id, question_id, option_index, option_text) VALUES (598, 150, 1, 'Automatically adjusting capacity based on load');
INSERT INTO options (id, question_id, option_index, option_text) VALUES (599, 150, 2, 'Caching responses');
INSERT INTO options (id, question_id, option_index, option_text) VALUES (600, 150, 3, 'Sharding databases');
INSERT INTO questions (id, external_id, subtopic_id, question, question_type, correct_answer, correct_index, explanation, learn) VALUES (151, 'bs_016', 8, 'What is capacity planning?', 'multiple_choice', 'Estimating and preparing for future load', 1, 'Prevents unexpected overload.', NULL);
INSERT INTO options (id, question_id, option_index, option_text) VALUES (601, 151, 0, 'Designing UI layouts');
INSERT INTO options (id, question_id, option_index, option_text) VALUES (602, 151, 1, 'Estimating and preparing for future load');
INSERT INTO options (id, question_id, option_index, option_text) VALUES (603, 151, 2, 'Encrypting data');
INSERT INTO options (id, question_id, option_index, option_text) VALUES (604, 151, 3, 'Managing logs');
INSERT INTO questions (id, external_id, subtopic_id, question, question_type, correct_answer, correct_index, explanation, learn) VALUES (152, 'bs_017', 8, 'What is circuit breaking?', 'multiple_choice', 'Failing fast when downstream systems are unhealthy', 1, 'Prevents cascading failures.', NULL);
INSERT INTO options (id, question_id, option_index, option_text) VALUES (605, 152, 0, 'Turning off servers');
INSERT INTO options (id, question_id, option_index, option_text) VALUES (606, 152, 1, 'Failing fast when downstream systems are unhealthy');
INSERT INTO options (id, question_id, option_index, option_text) VALUES (607, 152, 2, 'Encrypting traffic');
INSERT INTO options (id, question_id, option_index, option_text) VALUES (608, 152, 3, 'Caching errors');
INSERT INTO questions (id, external_id, subtopic_id, question, question_type, correct_answer, correct_index, explanation, learn) VALUES (153, 'bs_018', 8, 'What is bulkheading?', 'multiple_choice', 'Isolating resources between components', 1, 'Prevents failures from spreading.', 'Bulkheading is a powerful design pattern inspired by the watertight compartments in a ship. Its core purpose is to isolate resources or components within a system. This means that if one part of your application experiences a failure or becomes overwhelmed, it won''t take down the entire system.

By creating these isolated sections, you prevent issues from cascading. For example, if a specific service starts consuming too many resources, its allocated "bulkhead" prevents it from exhausting resources needed by other, healthy services. This ensures that critical parts of your application can continue functioning even when others are struggling.

This strategy is crucial for building resilient and fault-tolerant systems, allowing them to gracefully handle failures and maintain overall stability.');
INSERT INTO options (id, question_id, option_index, option_text) VALUES (609, 153, 0, 'Combining services');
INSERT INTO options (id, question_id, option_index, option_text) VALUES (610, 153, 1, 'Isolating resources between components');
INSERT INTO options (id, question_id, option_index, option_text) VALUES (611, 153, 2, 'Increasing memory');
INSERT INTO options (id, question_id, option_index, option_text) VALUES (612, 153, 3, 'Sharding data');
INSERT INTO questions (id, external_id, subtopic_id, question, question_type, correct_answer, correct_index, explanation, learn) VALUES (154, 'bs_019', 8, 'What is write amplification?', 'multiple_choice', 'Multiple writes per logical write', 0, 'Can impact storage and performance.', NULL);
INSERT INTO options (id, question_id, option_index, option_text) VALUES (613, 154, 0, 'Multiple writes per logical write');
INSERT INTO options (id, question_id, option_index, option_text) VALUES (614, 154, 1, 'Faster writes');
INSERT INTO options (id, question_id, option_index, option_text) VALUES (615, 154, 2, 'Encrypted writes');
INSERT INTO options (id, question_id, option_index, option_text) VALUES (616, 154, 3, 'Batched writes');
INSERT INTO questions (id, external_id, subtopic_id, question, question_type, correct_answer, correct_index, explanation, learn) VALUES (155, 'bs_020', 8, 'What is a common first step when scaling a slow system?', 'multiple_choice', 'Profile and identify bottlenecks', 1, 'Measure before scaling.', NULL);
INSERT INTO options (id, question_id, option_index, option_text) VALUES (617, 155, 0, 'Add more servers immediately');
INSERT INTO options (id, question_id, option_index, option_text) VALUES (618, 155, 1, 'Profile and identify bottlenecks');
INSERT INTO options (id, question_id, option_index, option_text) VALUES (619, 155, 2, 'Rewrite everything');
INSERT INTO options (id, question_id, option_index, option_text) VALUES (620, 155, 3, 'Increase timeouts');
INSERT INTO questions (id, external_id, subtopic_id, question, question_type, correct_answer, correct_index, explanation, learn) VALUES (156, 'acr_001', 9, 'API', 'free_text', 'Application Programming Interface', NULL, NULL, NULL);
INSERT INTO questions (id, external_id, subtopic_id, question, question_type, correct_answer, correct_index, explanation, learn) VALUES (157, 'acr_002', 9, 'REST', 'free_text', 'Representational State Transfer', NULL, NULL, NULL);
INSERT INTO questions (id, external_id, subtopic_id, question, question_type, correct_answer, correct_index, explanation, learn) VALUES (158, 'acr_003', 9, 'HTTP', 'free_text', 'Hypertext Transfer Protocol', NULL, NULL, NULL);
INSERT INTO questions (id, external_id, subtopic_id, question, question_type, correct_answer, correct_index, explanation, learn) VALUES (159, 'acr_004', 9, 'CRUD', 'free_text', 'Create Read Update Delete', NULL, NULL, NULL);
INSERT INTO questions (id, external_id, subtopic_id, question, question_type, correct_answer, correct_index, explanation, learn) VALUES (160, 'acr_005', 9, 'JWT', 'free_text', 'JSON Web Token', NULL, NULL, NULL);
INSERT INTO questions (id, external_id, subtopic_id, question, question_type, correct_answer, correct_index, explanation, learn) VALUES (161, 'acr_006', 9, 'CORS', 'free_text', 'Cross-Origin Resource Sharing', NULL, NULL, NULL);
INSERT INTO questions (id, external_id, subtopic_id, question, question_type, correct_answer, correct_index, explanation, learn) VALUES (162, 'acr_007', 9, 'CSRF', 'free_text', 'Cross-Site Request Forgery', NULL, NULL, NULL);
INSERT INTO questions (id, external_id, subtopic_id, question, question_type, correct_answer, correct_index, explanation, learn) VALUES (163, 'acr_008', 9, 'XSS', 'free_text', 'Cross-Site Scripting', NULL, NULL, NULL);
INSERT INTO questions (id, external_id, subtopic_id, question, question_type, correct_answer, correct_index, explanation, learn) VALUES (164, 'acr_009', 9, 'ORM', 'free_text', 'Object Relational Mapping', NULL, NULL, NULL);
INSERT INTO questions (id, external_id, subtopic_id, question, question_type, correct_answer, correct_index, explanation, learn) VALUES (165, 'acr_010', 9, 'ACID', 'free_text', 'Atomicity Consistency Isolation Durability', NULL, NULL, NULL);
INSERT INTO questions (id, external_id, subtopic_id, question, question_type, correct_answer, correct_index, explanation, learn) VALUES (166, 'acr_011', 9, 'CAP', 'free_text', 'Consistency Availability Partition Tolerance', NULL, NULL, NULL);
INSERT INTO questions (id, external_id, subtopic_id, question, question_type, correct_answer, correct_index, explanation, learn) VALUES (167, 'acr_012', 9, 'TTL', 'free_text', 'Time To Live', NULL, NULL, NULL);
INSERT INTO questions (id, external_id, subtopic_id, question, question_type, correct_answer, correct_index, explanation, learn) VALUES (168, 'acr_013', 9, 'SLA', 'free_text', 'Service Level Agreement', NULL, NULL, NULL);
INSERT INTO questions (id, external_id, subtopic_id, question, question_type, correct_answer, correct_index, explanation, learn) VALUES (169, 'acr_014', 9, 'SLO', 'free_text', 'Service Level Objective', NULL, NULL, NULL);
INSERT INTO questions (id, external_id, subtopic_id, question, question_type, correct_answer, correct_index, explanation, learn) VALUES (170, 'acr_015', 9, 'SLI', 'free_text', 'Service Level Indicator', NULL, NULL, NULL);
INSERT INTO questions (id, external_id, subtopic_id, question, question_type, correct_answer, correct_index, explanation, learn) VALUES (171, 'acr_016', 9, 'MTTR', 'free_text', 'Mean Time To Recovery', NULL, NULL, NULL);
INSERT INTO questions (id, external_id, subtopic_id, question, question_type, correct_answer, correct_index, explanation, learn) VALUES (172, 'acr_017', 9, 'RPO', 'free_text', 'Recovery Point Objective', NULL, NULL, NULL);
INSERT INTO questions (id, external_id, subtopic_id, question, question_type, correct_answer, correct_index, explanation, learn) VALUES (173, 'acr_018', 9, 'RTO', 'free_text', 'Recovery Time Objective', NULL, NULL, NULL);
INSERT INTO questions (id, external_id, subtopic_id, question, question_type, correct_answer, correct_index, explanation, learn) VALUES (174, 'acr_019', 9, 'ETL', 'free_text', 'Extract Transform Load', NULL, NULL, NULL);
INSERT INTO questions (id, external_id, subtopic_id, question, question_type, correct_answer, correct_index, explanation, learn) VALUES (175, 'acr_020', 9, 'ELT', 'free_text', 'Extract Load Transform', NULL, NULL, NULL);
INSERT INTO questions (id, external_id, subtopic_id, question, question_type, correct_answer, correct_index, explanation, learn) VALUES (176, 'acr_021', 9, 'CI', 'free_text', 'Continuous Integration', NULL, NULL, NULL);
INSERT INTO questions (id, external_id, subtopic_id, question, question_type, correct_answer, correct_index, explanation, learn) VALUES (177, 'acr_022', 9, 'CD', 'free_text', 'Continuous Delivery', NULL, NULL, NULL);
INSERT INTO questions (id, external_id, subtopic_id, question, question_type, correct_answer, correct_index, explanation, learn) VALUES (178, 'acr_023', 9, 'IaC', 'free_text', 'Infrastructure as Code', NULL, NULL, NULL);
INSERT INTO questions (id, external_id, subtopic_id, question, question_type, correct_answer, correct_index, explanation, learn) VALUES (179, 'acr_024', 9, 'SDK', 'free_text', 'Software Development Kit', NULL, NULL, NULL);
INSERT INTO questions (id, external_id, subtopic_id, question, question_type, correct_answer, correct_index, explanation, learn) VALUES (180, 'acr_025', 9, 'CLI', 'free_text', 'Command Line Interface', NULL, NULL, NULL);
INSERT INTO questions (id, external_id, subtopic_id, question, question_type, correct_answer, correct_index, explanation, learn) VALUES (181, 'acr_026', 9, 'RBAC', 'free_text', 'Role-Based Access Control', NULL, NULL, NULL);
INSERT INTO questions (id, external_id, subtopic_id, question, question_type, correct_answer, correct_index, explanation, learn) VALUES (182, 'acr_027', 9, 'ABAC', 'free_text', 'Attribute-Based Access Control', NULL, NULL, NULL);
INSERT INTO questions (id, external_id, subtopic_id, question, question_type, correct_answer, correct_index, explanation, learn) VALUES (183, 'acr_028', 9, 'SSO', 'free_text', 'Single Sign-On', NULL, NULL, NULL);
INSERT INTO questions (id, external_id, subtopic_id, question, question_type, correct_answer, correct_index, explanation, learn) VALUES (184, 'acr_029', 9, 'MFA', 'free_text', 'Multi-Factor Authentication', NULL, NULL, NULL);
INSERT INTO questions (id, external_id, subtopic_id, question, question_type, correct_answer, correct_index, explanation, learn) VALUES (185, 'acr_030', 9, 'WAF', 'free_text', 'Web Application Firewall', NULL, NULL, NULL);
INSERT INTO questions (id, external_id, subtopic_id, question, question_type, correct_answer, correct_index, explanation, learn) VALUES (186, 'acr_031', 9, 'CDN', 'free_text', 'Content Delivery Network', NULL, NULL, NULL);
INSERT INTO questions (id, external_id, subtopic_id, question, question_type, correct_answer, correct_index, explanation, learn) VALUES (187, 'acr_032', 9, 'OLTP', 'free_text', 'Online Transaction Processing', NULL, NULL, NULL);
INSERT INTO questions (id, external_id, subtopic_id, question, question_type, correct_answer, correct_index, explanation, learn) VALUES (188, 'acr_033', 9, 'OLAP', 'free_text', 'Online Analytical Processing', NULL, NULL, NULL);
INSERT INTO questions (id, external_id, subtopic_id, question, question_type, correct_answer, correct_index, explanation, learn) VALUES (189, 'acr_034', 9, 'CQRS', 'free_text', 'Command Query Responsibility Segregation', NULL, NULL, NULL);
INSERT INTO questions (id, external_id, subtopic_id, question, question_type, correct_answer, correct_index, explanation, learn) VALUES (190, 'acr_035', 9, 'DDD', 'free_text', 'Domain-Driven Design', NULL, NULL, NULL);
INSERT INTO questions (id, external_id, subtopic_id, question, question_type, correct_answer, correct_index, explanation, learn) VALUES (191, 'acr_036', 9, 'MVC', 'free_text', 'Model View Controller', NULL, NULL, NULL);
INSERT INTO questions (id, external_id, subtopic_id, question, question_type, correct_answer, correct_index, explanation, learn) VALUES (192, 'acr_037', 9, 'SPA', 'free_text', 'Single Page Application', NULL, NULL, NULL);
INSERT INTO questions (id, external_id, subtopic_id, question, question_type, correct_answer, correct_index, explanation, learn) VALUES (193, 'acr_038', 9, 'SSR', 'free_text', 'Server-Side Rendering', NULL, NULL, NULL);
INSERT INTO questions (id, external_id, subtopic_id, question, question_type, correct_answer, correct_index, explanation, learn) VALUES (194, 'acr_039', 9, 'CSR', 'free_text', 'Client-Side Rendering', NULL, NULL, NULL);
INSERT INTO questions (id, external_id, subtopic_id, question, question_type, correct_answer, correct_index, explanation, learn) VALUES (195, 'acr_040', 9, 'BFF', 'free_text', 'Backend For Frontend', NULL, NULL, NULL);
INSERT INTO questions (id, external_id, subtopic_id, question, question_type, correct_answer, correct_index, explanation, learn) VALUES (196, 'rails_001', 10, 'What architectural pattern does Rails follow?', 'multiple_choice', 'MVC', 1, 'Rails uses the Model-View-Controller pattern.', 'Rails primarily follows the Model-View-Controller (MVC) architectural pattern. This pattern is designed to separate an application''s concerns into three interconnected components, making it easier to manage complexity, improve maintainability, and facilitate development.

In MVC, the Model handles the application''s data and business logic, interacting with the database and enforcing rules. The View is responsible for presenting the data to the user, typically through HTML templates. The Controller acts as an intermediary, receiving user input, processing it, interacting with the Model to retrieve or update data, and then selecting the appropriate View to display the results.

Rails organizes your application''s code into these distinct roles, with models for your database interactions, views for your user interfaces, and controllers for handling web requests and orchestrating the flow between them. This clear separation helps developers build robust and scalable web applications efficiently.');
INSERT INTO options (id, question_id, option_index, option_text) VALUES (621, 196, 0, 'MVVM');
INSERT INTO options (id, question_id, option_index, option_text) VALUES (622, 196, 1, 'MVC');
INSERT INTO options (id, question_id, option_index, option_text) VALUES (623, 196, 2, 'Microservices');
INSERT INTO options (id, question_id, option_index, option_text) VALUES (624, 196, 3, 'Event-driven');
INSERT INTO questions (id, external_id, subtopic_id, question, question_type, correct_answer, correct_index, explanation, learn) VALUES (197, 'rails_002', 10, 'What is ActiveRecord?', 'multiple_choice', 'An ORM for interacting with databases', 1, 'ActiveRecord maps database tables to Ruby objects.', 'ActiveRecord is an Object-Relational Mapping (ORM) system, primarily known as a core component of the Ruby on Rails framework. An ORM acts as a bridge, allowing you to interact with your database using an object-oriented programming language like Ruby, rather than writing raw SQL queries.

This means you can represent database tables and their rows as regular Ruby objects. For instance, instead of writing complex SQL to fetch a user, you can simply use `User.find(1)`, treating your database records as instances of your application''s classes. This significantly simplifies database operations, making your code cleaner and more intuitive.

ActiveRecord handles common database tasks like creating, reading, updating, and deleting records, often referred to as CRUD operations. It maps the structure of your database tables directly to your Ruby models, abstracting away the underlying database specifics and empowering you to focus on your application''s logic.');
INSERT INTO options (id, question_id, option_index, option_text) VALUES (625, 197, 0, 'A background job processor');
INSERT INTO options (id, question_id, option_index, option_text) VALUES (626, 197, 1, 'An ORM for interacting with databases');
INSERT INTO options (id, question_id, option_index, option_text) VALUES (627, 197, 2, 'A frontend framework');
INSERT INTO options (id, question_id, option_index, option_text) VALUES (628, 197, 3, 'A caching layer');
INSERT INTO questions (id, external_id, subtopic_id, question, question_type, correct_answer, correct_index, explanation, learn) VALUES (198, 'rails_003', 10, 'What is a Rails migration?', 'multiple_choice', 'A way to version and manage database schema changes', 1, 'Migrations track and apply schema changes.', NULL);
INSERT INTO options (id, question_id, option_index, option_text) VALUES (629, 198, 0, 'A background job');
INSERT INTO options (id, question_id, option_index, option_text) VALUES (630, 198, 1, 'A way to version and manage database schema changes');
INSERT INTO options (id, question_id, option_index, option_text) VALUES (631, 198, 2, 'A deployment script');
INSERT INTO options (id, question_id, option_index, option_text) VALUES (632, 198, 3, 'A cache invalidation strategy');
INSERT INTO questions (id, external_id, subtopic_id, question, question_type, correct_answer, correct_index, explanation, learn) VALUES (199, 'rails_004', 10, 'What problem does the N+1 query issue describe?', 'multiple_choice', 'Excessive database queries when loading associations', 1, 'N+1 occurs when each record triggers an extra query.', 'The N+1 query issue describes a common performance problem where an application makes an inefficient number of trips to the database. It specifically arises when you need to fetch a main set of records along with their related, or "associated," data.

Imagine you fetch a list of 10 authors (N=10) with one database query. Then, if your code separately fetches all the books for each of those 10 authors, it will make 10 *additional* individual queries to the database. This results in 1 query for the authors plus N (10) separate queries for their books, totaling N+1 (11) queries.

This pattern leads directly to excessive database queries when loading associations between different pieces of data. Such inefficiency can significantly slow down your application''s response time, making it crucial to optimize these data fetching patterns.');
INSERT INTO options (id, question_id, option_index, option_text) VALUES (633, 199, 0, 'Too many background jobs');
INSERT INTO options (id, question_id, option_index, option_text) VALUES (634, 199, 1, 'Excessive database queries when loading associations');
INSERT INTO options (id, question_id, option_index, option_text) VALUES (635, 199, 2, 'Slow frontend rendering');
INSERT INTO options (id, question_id, option_index, option_text) VALUES (636, 199, 3, 'Cache misses');
INSERT INTO questions (id, external_id, subtopic_id, question, question_type, correct_answer, correct_index, explanation, learn) VALUES (200, 'rails_005', 10, 'What is a controller responsible for?', 'multiple_choice', 'Handling HTTP requests and coordinating models and views', 1, 'Controllers orchestrate request handling.', NULL);
INSERT INTO options (id, question_id, option_index, option_text) VALUES (637, 200, 0, 'Rendering HTML only');
INSERT INTO options (id, question_id, option_index, option_text) VALUES (638, 200, 1, 'Handling HTTP requests and coordinating models and views');
INSERT INTO options (id, question_id, option_index, option_text) VALUES (639, 200, 2, 'Managing database indexes');
INSERT INTO options (id, question_id, option_index, option_text) VALUES (640, 200, 3, 'Running background jobs');
INSERT INTO questions (id, external_id, subtopic_id, question, question_type, correct_answer, correct_index, explanation, learn) VALUES (201, 'rails_006', 10, 'What is a model in Rails?', 'multiple_choice', 'A class representing business logic and data', 2, 'Models encapsulate data and business rules.', NULL);
INSERT INTO options (id, question_id, option_index, option_text) VALUES (641, 201, 0, 'A UI component');
INSERT INTO options (id, question_id, option_index, option_text) VALUES (642, 201, 1, 'A database connection');
INSERT INTO options (id, question_id, option_index, option_text) VALUES (643, 201, 2, 'A class representing business logic and data');
INSERT INTO options (id, question_id, option_index, option_text) VALUES (644, 201, 3, 'A background worker');
INSERT INTO questions (id, external_id, subtopic_id, question, question_type, correct_answer, correct_index, explanation, learn) VALUES (202, 'rails_007', 10, 'What is eager loading used for?', 'multiple_choice', 'Preloading associated records to avoid N+1 queries', 1, 'Eager loading reduces database round trips.', NULL);
INSERT INTO options (id, question_id, option_index, option_text) VALUES (645, 202, 0, 'Speeding up UI rendering');
INSERT INTO options (id, question_id, option_index, option_text) VALUES (646, 202, 1, 'Preloading associated records to avoid N+1 queries');
INSERT INTO options (id, question_id, option_index, option_text) VALUES (647, 202, 2, 'Encrypting database data');
INSERT INTO options (id, question_id, option_index, option_text) VALUES (648, 202, 3, 'Scheduling background jobs');
INSERT INTO questions (id, external_id, subtopic_id, question, question_type, correct_answer, correct_index, explanation, learn) VALUES (203, 'rails_008', 10, 'What is a Rails background job typically used for?', 'multiple_choice', 'Performing long-running or async tasks', 1, 'Background jobs offload slow work from request cycle.', NULL);
INSERT INTO options (id, question_id, option_index, option_text) VALUES (649, 203, 0, 'Handling HTTP routing');
INSERT INTO options (id, question_id, option_index, option_text) VALUES (650, 203, 1, 'Performing long-running or async tasks');
INSERT INTO options (id, question_id, option_index, option_text) VALUES (651, 203, 2, 'Rendering views');
INSERT INTO options (id, question_id, option_index, option_text) VALUES (652, 203, 3, 'Managing sessions');
INSERT INTO questions (id, external_id, subtopic_id, question, question_type, correct_answer, correct_index, explanation, learn) VALUES (204, 'rails_009', 10, 'What is strong parameters in Rails?', 'multiple_choice', 'A security feature to whitelist allowed parameters', 1, 'Strong params prevent mass assignment vulnerabilities.', 'Strong parameters in Rails are a crucial security feature designed to protect your application from a common vulnerability known as "mass assignment." When users submit data through forms, they send various parameters to your server. Without strong parameters, a malicious user could potentially send extra, unexpected data along with their submission, attempting to update sensitive or unintended fields in your database, like changing their user role or other private information.

To prevent this, strong parameters require you to explicitly declare which incoming parameters from a web request are safe and permitted to be used for creating or updating your database records. This process is often referred to as "whitelisting" because you''re creating a list of approved parameters. By only allowing the parameters you specifically intend to use, you ensure that only valid and non-sensitive data makes its way into your application''s models, significantly enhancing the security and integrity of your data.

Therefore, among the options provided, strong parameters are best described as **A security feature to whitelist allowed parameters**.');
INSERT INTO options (id, question_id, option_index, option_text) VALUES (653, 204, 0, 'A caching mechanism');
INSERT INTO options (id, question_id, option_index, option_text) VALUES (654, 204, 1, 'A security feature to whitelist allowed parameters');
INSERT INTO options (id, question_id, option_index, option_text) VALUES (655, 204, 2, 'A database constraint');
INSERT INTO options (id, question_id, option_index, option_text) VALUES (656, 204, 3, 'A background job retry policy');
INSERT INTO questions (id, external_id, subtopic_id, question, question_type, correct_answer, correct_index, explanation, learn) VALUES (205, 'rails_010', 10, 'What is a scope in ActiveRecord?', 'multiple_choice', 'A reusable query definition', 1, 'Scopes encapsulate common query logic.', 'In ActiveRecord, a "scope" is a reusable query definition. It allows you to encapsulate common query logic within your models, making your code cleaner, more readable, and easier to maintain. Think of it as a named shortcut for a specific set of conditions you frequently apply when fetching records from your database.

When you define a scope, you are essentially creating a class method on your model that returns an `ActiveRecord::Relation` object. This means you can chain multiple scopes together, or combine them with other query methods, to build complex queries in a very expressive way. For example, you might have a scope called `published` to only retrieve articles that are visible to the public.

This approach significantly improves the organization of your database interactions, preventing duplication of query logic throughout your application. It helps ensure consistency and makes it simpler to understand and modify how data is retrieved.');
INSERT INTO options (id, question_id, option_index, option_text) VALUES (657, 205, 0, 'A database transaction');
INSERT INTO options (id, question_id, option_index, option_text) VALUES (658, 205, 1, 'A reusable query definition');
INSERT INTO options (id, question_id, option_index, option_text) VALUES (659, 205, 2, 'A background worker');
INSERT INTO options (id, question_id, option_index, option_text) VALUES (660, 205, 3, 'A cache key');
INSERT INTO questions (id, external_id, subtopic_id, question, question_type, correct_answer, correct_index, explanation, learn) VALUES (206, 'react_001', 11, 'What is the main purpose of React?', 'multiple_choice', 'Build user interfaces using components', 1, 'React is a frontend library for building UI with reusable components.', NULL);
INSERT INTO options (id, question_id, option_index, option_text) VALUES (661, 206, 0, 'Manage databases');
INSERT INTO options (id, question_id, option_index, option_text) VALUES (662, 206, 1, 'Build user interfaces using components');
INSERT INTO options (id, question_id, option_index, option_text) VALUES (663, 206, 2, 'Handle backend APIs');
INSERT INTO options (id, question_id, option_index, option_text) VALUES (664, 206, 3, 'Manage server infrastructure');
INSERT INTO questions (id, external_id, subtopic_id, question, question_type, correct_answer, correct_index, explanation, learn) VALUES (207, 'react_002', 11, 'What is a React component?', 'multiple_choice', 'A reusable piece of UI logic', 1, 'Components encapsulate UI and behavior.', NULL);
INSERT INTO options (id, question_id, option_index, option_text) VALUES (665, 207, 0, 'A database table');
INSERT INTO options (id, question_id, option_index, option_text) VALUES (666, 207, 1, 'A reusable piece of UI logic');
INSERT INTO options (id, question_id, option_index, option_text) VALUES (667, 207, 2, 'A backend service');
INSERT INTO options (id, question_id, option_index, option_text) VALUES (668, 207, 3, 'A CSS file');
INSERT INTO questions (id, external_id, subtopic_id, question, question_type, correct_answer, correct_index, explanation, learn) VALUES (208, 'react_003', 11, 'What is state in React?', 'multiple_choice', 'Data that can change over time and trigger re-renders', 2, 'State changes cause React to re-render components.', NULL);
INSERT INTO options (id, question_id, option_index, option_text) VALUES (669, 208, 0, 'A global variable');
INSERT INTO options (id, question_id, option_index, option_text) VALUES (670, 208, 1, 'Immutable configuration');
INSERT INTO options (id, question_id, option_index, option_text) VALUES (671, 208, 2, 'Data that can change over time and trigger re-renders');
INSERT INTO options (id, question_id, option_index, option_text) VALUES (672, 208, 3, 'Server-side session data');
INSERT INTO questions (id, external_id, subtopic_id, question, question_type, correct_answer, correct_index, explanation, learn) VALUES (209, 'react_004', 11, 'What is a prop in React?', 'multiple_choice', 'Data passed from parent to child', 2, 'Props are read-only inputs to components.', NULL);
INSERT INTO options (id, question_id, option_index, option_text) VALUES (673, 209, 0, 'Internal component state');
INSERT INTO options (id, question_id, option_index, option_text) VALUES (674, 209, 1, 'A function hook');
INSERT INTO options (id, question_id, option_index, option_text) VALUES (675, 209, 2, 'Data passed from parent to child');
INSERT INTO options (id, question_id, option_index, option_text) VALUES (676, 209, 3, 'A global variable');
INSERT INTO questions (id, external_id, subtopic_id, question, question_type, correct_answer, correct_index, explanation, learn) VALUES (210, 'react_005', 11, 'What does useEffect primarily handle?', 'multiple_choice', 'Side effects like data fetching', 2, 'useEffect is used for side effects and lifecycle-like behavior.', NULL);
INSERT INTO options (id, question_id, option_index, option_text) VALUES (677, 210, 0, 'Rendering UI');
INSERT INTO options (id, question_id, option_index, option_text) VALUES (678, 210, 1, 'Managing CSS');
INSERT INTO options (id, question_id, option_index, option_text) VALUES (679, 210, 2, 'Side effects like data fetching');
INSERT INTO options (id, question_id, option_index, option_text) VALUES (680, 210, 3, 'Updating props');
INSERT INTO questions (id, external_id, subtopic_id, question, question_type, correct_answer, correct_index, explanation, learn) VALUES (211, 'react_006', 11, 'What causes a React component to re-render?', 'multiple_choice', 'A change in state or props', 1, 'React re-renders on state or prop updates.', NULL);
INSERT INTO options (id, question_id, option_index, option_text) VALUES (681, 211, 0, 'A console.log call');
INSERT INTO options (id, question_id, option_index, option_text) VALUES (682, 211, 1, 'A change in state or props');
INSERT INTO options (id, question_id, option_index, option_text) VALUES (683, 211, 2, 'A CSS change');
INSERT INTO options (id, question_id, option_index, option_text) VALUES (684, 211, 3, 'A backend response alone');
INSERT INTO questions (id, external_id, subtopic_id, question, question_type, correct_answer, correct_index, explanation, learn) VALUES (212, 'react_007', 11, 'What is conditional rendering?', 'multiple_choice', 'Rendering different UI based on state or props', 1, 'Conditional rendering controls what UI is shown.', NULL);
INSERT INTO options (id, question_id, option_index, option_text) VALUES (685, 212, 0, 'Rendering based on CSS');
INSERT INTO options (id, question_id, option_index, option_text) VALUES (686, 212, 1, 'Rendering different UI based on state or props');
INSERT INTO options (id, question_id, option_index, option_text) VALUES (687, 212, 2, 'Rendering only on backend events');
INSERT INTO options (id, question_id, option_index, option_text) VALUES (688, 212, 3, 'Rendering using multiple frameworks');
INSERT INTO questions (id, external_id, subtopic_id, question, question_type, correct_answer, correct_index, explanation, learn) VALUES (213, 'react_008', 11, 'Why are keys important in React lists?', 'multiple_choice', 'To help React efficiently update list items', 2, 'Keys help React identify which items changed.', NULL);
INSERT INTO options (id, question_id, option_index, option_text) VALUES (689, 213, 0, 'For styling');
INSERT INTO options (id, question_id, option_index, option_text) VALUES (690, 213, 1, 'For authentication');
INSERT INTO options (id, question_id, option_index, option_text) VALUES (691, 213, 2, 'To help React efficiently update list items');
INSERT INTO options (id, question_id, option_index, option_text) VALUES (692, 213, 3, 'To sort elements');
INSERT INTO questions (id, external_id, subtopic_id, question, question_type, correct_answer, correct_index, explanation, learn) VALUES (214, 'react_009', 11, 'What is lifting state up?', 'multiple_choice', 'Moving state to a common parent component', 1, 'This allows multiple components to share state.', NULL);
INSERT INTO options (id, question_id, option_index, option_text) VALUES (693, 214, 0, 'Moving state to Redux');
INSERT INTO options (id, question_id, option_index, option_text) VALUES (694, 214, 1, 'Moving state to a common parent component');
INSERT INTO options (id, question_id, option_index, option_text) VALUES (695, 214, 2, 'Saving state to localStorage');
INSERT INTO options (id, question_id, option_index, option_text) VALUES (696, 214, 3, 'Passing state to backend');
INSERT INTO questions (id, external_id, subtopic_id, question, question_type, correct_answer, correct_index, explanation, learn) VALUES (215, 'react_010', 11, 'What is a controlled component?', 'multiple_choice', 'A component whose form input is controlled by React state', 1, 'Controlled components sync form inputs with state.', NULL);
INSERT INTO options (id, question_id, option_index, option_text) VALUES (697, 215, 0, 'A component managed by Redux');
INSERT INTO options (id, question_id, option_index, option_text) VALUES (698, 215, 1, 'A component whose form input is controlled by React state');
INSERT INTO options (id, question_id, option_index, option_text) VALUES (699, 215, 2, 'A component with no props');
INSERT INTO options (id, question_id, option_index, option_text) VALUES (700, 215, 3, 'A stateless component');
INSERT INTO questions (id, external_id, subtopic_id, question, question_type, correct_answer, correct_index, explanation, learn) VALUES (216, 'auth_001', 12, 'What is the main purpose of authentication?', 'multiple_choice', 'Verify the identity of a user or system', 1, 'Authentication is about identity; authorization is about permissions.', NULL);
INSERT INTO options (id, question_id, option_index, option_text) VALUES (701, 216, 0, 'Determine what a user can access');
INSERT INTO options (id, question_id, option_index, option_text) VALUES (702, 216, 1, 'Verify the identity of a user or system');
INSERT INTO options (id, question_id, option_index, option_text) VALUES (703, 216, 2, 'Encrypt request payloads');
INSERT INTO options (id, question_id, option_index, option_text) VALUES (704, 216, 3, 'Cache user sessions');
INSERT INTO questions (id, external_id, subtopic_id, question, question_type, correct_answer, correct_index, explanation, learn) VALUES (217, 'auth_002', 12, 'What is authorization?', 'multiple_choice', 'Granting or denying access to resources', 1, 'Authorization determines what an authenticated user can do.', NULL);
INSERT INTO options (id, question_id, option_index, option_text) VALUES (705, 217, 0, 'Verifying user identity');
INSERT INTO options (id, question_id, option_index, option_text) VALUES (706, 217, 1, 'Granting or denying access to resources');
INSERT INTO options (id, question_id, option_index, option_text) VALUES (707, 217, 2, 'Encrypting tokens');
INSERT INTO options (id, question_id, option_index, option_text) VALUES (708, 217, 3, 'Refreshing sessions');
INSERT INTO questions (id, external_id, subtopic_id, question, question_type, correct_answer, correct_index, explanation, learn) VALUES (218, 'auth_003', 12, 'Which header is standard for sending Bearer tokens?', 'multiple_choice', 'Authorization', 2, 'Bearer tokens are sent via the Authorization header.', NULL);
INSERT INTO options (id, question_id, option_index, option_text) VALUES (709, 218, 0, 'Cookie');
INSERT INTO options (id, question_id, option_index, option_text) VALUES (710, 218, 1, 'X-Auth-Token');
INSERT INTO options (id, question_id, option_index, option_text) VALUES (711, 218, 2, 'Authorization');
INSERT INTO options (id, question_id, option_index, option_text) VALUES (712, 218, 3, 'Set-Cookie');
INSERT INTO questions (id, external_id, subtopic_id, question, question_type, correct_answer, correct_index, explanation, learn) VALUES (219, 'auth_004', 12, 'What does JWT stand for?', 'multiple_choice', 'JSON Web Token', 1, 'JWT is a compact, URL-safe token format.', NULL);
INSERT INTO options (id, question_id, option_index, option_text) VALUES (713, 219, 0, 'Java Web Token');
INSERT INTO options (id, question_id, option_index, option_text) VALUES (714, 219, 1, 'JSON Web Token');
INSERT INTO options (id, question_id, option_index, option_text) VALUES (715, 219, 2, 'JavaScript Web Token');
INSERT INTO options (id, question_id, option_index, option_text) VALUES (716, 219, 3, 'JSON Wide Token');
INSERT INTO questions (id, external_id, subtopic_id, question, question_type, correct_answer, correct_index, explanation, learn) VALUES (220, 'auth_005', 12, 'What is typically stored inside a JWT?', 'multiple_choice', 'Claims about the user and token', 1, 'JWTs contain claims such as subject, expiration, and scopes.', NULL);
INSERT INTO options (id, question_id, option_index, option_text) VALUES (717, 220, 0, 'Encrypted passwords');
INSERT INTO options (id, question_id, option_index, option_text) VALUES (718, 220, 1, 'Claims about the user and token');
INSERT INTO options (id, question_id, option_index, option_text) VALUES (719, 220, 2, 'Database connection strings');
INSERT INTO options (id, question_id, option_index, option_text) VALUES (720, 220, 3, 'Session cache');
INSERT INTO questions (id, external_id, subtopic_id, question, question_type, correct_answer, correct_index, explanation, learn) VALUES (221, 'auth_006', 12, 'What is the primary security risk of long-lived access tokens?', 'multiple_choice', 'Token theft impact lasts longer', 1, 'Long-lived tokens increase blast radius if compromised.', NULL);
INSERT INTO options (id, question_id, option_index, option_text) VALUES (721, 221, 0, 'Increased latency');
INSERT INTO options (id, question_id, option_index, option_text) VALUES (722, 221, 1, 'Token theft impact lasts longer');
INSERT INTO options (id, question_id, option_index, option_text) VALUES (723, 221, 2, 'Higher CPU usage');
INSERT INTO options (id, question_id, option_index, option_text) VALUES (724, 221, 3, 'More database reads');
INSERT INTO questions (id, external_id, subtopic_id, question, question_type, correct_answer, correct_index, explanation, learn) VALUES (222, 'auth_007', 12, 'What is a refresh token used for?', 'multiple_choice', 'Generate new access tokens', 1, 'Refresh tokens are exchanged for new short-lived access tokens.', NULL);
INSERT INTO options (id, question_id, option_index, option_text) VALUES (725, 222, 0, 'Authenticate API requests directly');
INSERT INTO options (id, question_id, option_index, option_text) VALUES (726, 222, 1, 'Generate new access tokens');
INSERT INTO options (id, question_id, option_index, option_text) VALUES (727, 222, 2, 'Store user passwords');
INSERT INTO options (id, question_id, option_index, option_text) VALUES (728, 222, 3, 'Validate scopes');
INSERT INTO questions (id, external_id, subtopic_id, question, question_type, correct_answer, correct_index, explanation, learn) VALUES (223, 'auth_008', 12, 'Which OAuth2 flow is best for server-to-server communication?', 'multiple_choice', 'Client Credentials', 2, 'Client Credentials is designed for machine-to-machine auth.', NULL);
INSERT INTO options (id, question_id, option_index, option_text) VALUES (729, 223, 0, 'Authorization Code');
INSERT INTO options (id, question_id, option_index, option_text) VALUES (730, 223, 1, 'Implicit');
INSERT INTO options (id, question_id, option_index, option_text) VALUES (731, 223, 2, 'Client Credentials');
INSERT INTO options (id, question_id, option_index, option_text) VALUES (732, 223, 3, 'Device Code');
INSERT INTO questions (id, external_id, subtopic_id, question, question_type, correct_answer, correct_index, explanation, learn) VALUES (224, 'auth_009', 12, 'Which OAuth2 flow is recommended for web apps with a backend?', 'multiple_choice', 'Authorization Code', 1, 'Authorization Code (with PKCE) is the modern recommended flow.', NULL);
INSERT INTO options (id, question_id, option_index, option_text) VALUES (733, 224, 0, 'Implicit');
INSERT INTO options (id, question_id, option_index, option_text) VALUES (734, 224, 1, 'Authorization Code');
INSERT INTO options (id, question_id, option_index, option_text) VALUES (735, 224, 2, 'Resource Owner Password');
INSERT INTO options (id, question_id, option_index, option_text) VALUES (736, 224, 3, 'Client Credentials');
INSERT INTO questions (id, external_id, subtopic_id, question, question_type, correct_answer, correct_index, explanation, learn) VALUES (225, 'auth_010', 12, 'What is PKCE used for?', 'multiple_choice', 'Prevent authorization code interception', 1, 'PKCE protects public clients from code interception attacks.', NULL);
INSERT INTO options (id, question_id, option_index, option_text) VALUES (737, 225, 0, 'Encrypt JWTs');
INSERT INTO options (id, question_id, option_index, option_text) VALUES (738, 225, 1, 'Prevent authorization code interception');
INSERT INTO options (id, question_id, option_index, option_text) VALUES (739, 225, 2, 'Refresh access tokens');
INSERT INTO options (id, question_id, option_index, option_text) VALUES (740, 225, 3, 'Sign cookies');
INSERT INTO questions (id, external_id, subtopic_id, question, question_type, correct_answer, correct_index, explanation, learn) VALUES (226, 'auth_011', 12, 'What should an API return when a token is missing or invalid?', 'multiple_choice', '401 Unauthorized', 1, '401 indicates authentication is required or failed.', NULL);
INSERT INTO options (id, question_id, option_index, option_text) VALUES (741, 226, 0, '403 Forbidden');
INSERT INTO options (id, question_id, option_index, option_text) VALUES (742, 226, 1, '401 Unauthorized');
INSERT INTO options (id, question_id, option_index, option_text) VALUES (743, 226, 2, '404 Not Found');
INSERT INTO options (id, question_id, option_index, option_text) VALUES (744, 226, 3, '409 Conflict');
INSERT INTO questions (id, external_id, subtopic_id, question, question_type, correct_answer, correct_index, explanation, learn) VALUES (227, 'auth_012', 12, 'What should an API return when a user is authenticated but lacks permission?', 'multiple_choice', '403 Forbidden', 1, '403 is for authenticated users without authorization.', NULL);
INSERT INTO options (id, question_id, option_index, option_text) VALUES (745, 227, 0, '401 Unauthorized');
INSERT INTO options (id, question_id, option_index, option_text) VALUES (746, 227, 1, '403 Forbidden');
INSERT INTO options (id, question_id, option_index, option_text) VALUES (747, 227, 2, '404 Not Found');
INSERT INTO options (id, question_id, option_index, option_text) VALUES (748, 227, 3, '422 Unprocessable Entity');
INSERT INTO questions (id, external_id, subtopic_id, question, question_type, correct_answer, correct_index, explanation, learn) VALUES (228, 'auth_013', 12, 'What is the purpose of scopes in OAuth2?', 'multiple_choice', 'Limit what resources a token can access', 2, 'Scopes restrict what actions a token is allowed to perform.', NULL);
INSERT INTO options (id, question_id, option_index, option_text) VALUES (749, 228, 0, 'Identify the user');
INSERT INTO options (id, question_id, option_index, option_text) VALUES (750, 228, 1, 'Define token expiration');
INSERT INTO options (id, question_id, option_index, option_text) VALUES (751, 228, 2, 'Limit what resources a token can access');
INSERT INTO options (id, question_id, option_index, option_text) VALUES (752, 228, 3, 'Encrypt payloads');
INSERT INTO questions (id, external_id, subtopic_id, question, question_type, correct_answer, correct_index, explanation, learn) VALUES (229, 'auth_014', 12, 'Why should JWTs generally not be used as session storage?', 'multiple_choice', 'They cannot be easily revoked', 2, 'Stateless JWTs are hard to revoke without additional infrastructure.', NULL);
INSERT INTO options (id, question_id, option_index, option_text) VALUES (753, 229, 0, 'They are too small');
INSERT INTO options (id, question_id, option_index, option_text) VALUES (754, 229, 1, 'They cannot be signed');
INSERT INTO options (id, question_id, option_index, option_text) VALUES (755, 229, 2, 'They cannot be easily revoked');
INSERT INTO options (id, question_id, option_index, option_text) VALUES (756, 229, 3, 'They require cookies');
INSERT INTO questions (id, external_id, subtopic_id, question, question_type, correct_answer, correct_index, explanation, learn) VALUES (230, 'auth_015', 12, 'What is token rotation?', 'multiple_choice', 'Issuing a new refresh token on each use', 1, 'Rotation reduces the risk of stolen refresh tokens.', NULL);
INSERT INTO options (id, question_id, option_index, option_text) VALUES (757, 230, 0, 'Changing signing keys');
INSERT INTO options (id, question_id, option_index, option_text) VALUES (758, 230, 1, 'Issuing a new refresh token on each use');
INSERT INTO options (id, question_id, option_index, option_text) VALUES (759, 230, 2, 'Encrypting tokens');
INSERT INTO options (id, question_id, option_index, option_text) VALUES (760, 230, 3, 'Extending token expiration');
INSERT INTO questions (id, external_id, subtopic_id, question, question_type, correct_answer, correct_index, explanation, learn) VALUES (231, 'auth_016', 12, 'What is the main benefit of short-lived access tokens?', 'multiple_choice', 'Reduced impact if compromised', 2, 'Short lifetimes limit damage from token leakage.', NULL);
INSERT INTO options (id, question_id, option_index, option_text) VALUES (761, 231, 0, 'Faster validation');
INSERT INTO options (id, question_id, option_index, option_text) VALUES (762, 231, 1, 'Lower CPU usage');
INSERT INTO options (id, question_id, option_index, option_text) VALUES (763, 231, 2, 'Reduced impact if compromised');
INSERT INTO options (id, question_id, option_index, option_text) VALUES (764, 231, 3, 'Easier debugging');
INSERT INTO questions (id, external_id, subtopic_id, question, question_type, correct_answer, correct_index, explanation, learn) VALUES (232, 'auth_017', 12, 'Which approach is best for API-to-API authentication in microservices?', 'multiple_choice', 'Service-to-service tokens or mTLS', 2, 'Dedicated service auth improves security and isolation.', NULL);
INSERT INTO options (id, question_id, option_index, option_text) VALUES (765, 232, 0, 'User JWTs');
INSERT INTO options (id, question_id, option_index, option_text) VALUES (766, 232, 1, 'Shared passwords');
INSERT INTO options (id, question_id, option_index, option_text) VALUES (767, 232, 2, 'Service-to-service tokens or mTLS');
INSERT INTO options (id, question_id, option_index, option_text) VALUES (768, 232, 3, 'Cookies');
INSERT INTO questions (id, external_id, subtopic_id, question, question_type, correct_answer, correct_index, explanation, learn) VALUES (233, 'auth_018', 12, 'What is mTLS primarily used for?', 'multiple_choice', 'Mutual authentication between services', 1, 'mTLS authenticates both client and server.', NULL);
INSERT INTO options (id, question_id, option_index, option_text) VALUES (769, 233, 0, 'Encrypting JWTs');
INSERT INTO options (id, question_id, option_index, option_text) VALUES (770, 233, 1, 'Mutual authentication between services');
INSERT INTO options (id, question_id, option_index, option_text) VALUES (771, 233, 2, 'User login');
INSERT INTO options (id, question_id, option_index, option_text) VALUES (772, 233, 3, 'Token refresh');
INSERT INTO questions (id, external_id, subtopic_id, question, question_type, correct_answer, correct_index, explanation, learn) VALUES (234, 'auth_019', 12, 'Why should sensitive tokens not be stored in localStorage in browsers?', 'multiple_choice', 'Vulnerability to XSS', 2, 'localStorage is accessible to JS and vulnerable to XSS attacks.', NULL);
INSERT INTO options (id, question_id, option_index, option_text) VALUES (773, 234, 0, 'Performance issues');
INSERT INTO options (id, question_id, option_index, option_text) VALUES (774, 234, 1, 'Size limits');
INSERT INTO options (id, question_id, option_index, option_text) VALUES (775, 234, 2, 'Vulnerability to XSS');
INSERT INTO options (id, question_id, option_index, option_text) VALUES (776, 234, 3, 'Incompatibility with HTTPS');
INSERT INTO questions (id, external_id, subtopic_id, question, question_type, correct_answer, correct_index, explanation, learn) VALUES (235, 'auth_020', 12, 'What is the main benefit of using HTTP-only cookies for auth tokens?', 'multiple_choice', 'Protection from XSS access', 2, 'HTTP-only cookies cannot be accessed by JavaScript.', 'HTTP-only cookies are a special attribute that can be set on a cookie by the web server. This attribute ensures that the cookie cannot be accessed, read, or modified by client-side scripts, such as JavaScript, running within the user''s browser.

This restriction is a crucial security measure. It means that even if an attacker successfully exploits a Cross-Site Scripting (XSS) vulnerability to inject malicious JavaScript into a web page, they will be unable to directly access or steal sensitive information, like authentication tokens, stored in an HTTP-only cookie.

By preventing client-side scripts from interacting with these cookies, you significantly reduce the risk of session hijacking and unauthorized access to user accounts, making your application more robust against common web attacks.');
INSERT INTO options (id, question_id, option_index, option_text) VALUES (777, 235, 0, 'Faster requests');
INSERT INTO options (id, question_id, option_index, option_text) VALUES (778, 235, 1, 'Reduced CSRF risk');
INSERT INTO options (id, question_id, option_index, option_text) VALUES (779, 235, 2, 'Protection from XSS access');
INSERT INTO options (id, question_id, option_index, option_text) VALUES (780, 235, 3, 'Easier scaling');
INSERT INTO questions (id, external_id, subtopic_id, question, question_type, correct_answer, correct_index, explanation, learn) VALUES (236, 'rac_001', 13, 'What is the primary goal of HTTP caching?', 'multiple_choice', 'Reduce latency and server load', 1, 'Cache avoids repeated work.', NULL);
INSERT INTO options (id, question_id, option_index, option_text) VALUES (781, 236, 0, 'Improve authentication');
INSERT INTO options (id, question_id, option_index, option_text) VALUES (782, 236, 1, 'Reduce latency and server load');
INSERT INTO options (id, question_id, option_index, option_text) VALUES (783, 236, 2, 'Encrypt responses');
INSERT INTO options (id, question_id, option_index, option_text) VALUES (784, 236, 3, 'Compress payloads');
INSERT INTO questions (id, external_id, subtopic_id, question, question_type, correct_answer, correct_index, explanation, learn) VALUES (237, 'rac_002', 13, 'Which HTTP header controls how long a response can be cached?', 'multiple_choice', 'Cache-Control', 1, 'Specifies caching directives.', NULL);
INSERT INTO options (id, question_id, option_index, option_text) VALUES (785, 237, 0, 'Authorization');
INSERT INTO options (id, question_id, option_index, option_text) VALUES (786, 237, 1, 'Cache-Control');
INSERT INTO options (id, question_id, option_index, option_text) VALUES (787, 237, 2, 'Content-Type');
INSERT INTO options (id, question_id, option_index, option_text) VALUES (788, 237, 3, 'Accept');
INSERT INTO questions (id, external_id, subtopic_id, question, question_type, correct_answer, correct_index, explanation, learn) VALUES (238, 'rac_003', 13, 'What does Cache-Control":" no-cache mean?', 'multiple_choice', 'Must revalidate with origin before using cached response', 1, 'Cache allowed but must revalidate.', NULL);
INSERT INTO options (id, question_id, option_index, option_text) VALUES (789, 238, 0, 'Do not store the response');
INSERT INTO options (id, question_id, option_index, option_text) VALUES (790, 238, 1, 'Must revalidate with origin before using cached response');
INSERT INTO options (id, question_id, option_index, option_text) VALUES (791, 238, 2, 'Cache forever');
INSERT INTO options (id, question_id, option_index, option_text) VALUES (792, 238, 3, 'Only cache on client');
INSERT INTO questions (id, external_id, subtopic_id, question, question_type, correct_answer, correct_index, explanation, learn) VALUES (239, 'rac_004', 13, 'What does Cache-Control":" no-store mean?', 'multiple_choice', 'Do not store at all', 2, 'Sensitive responses.', NULL);
INSERT INTO options (id, question_id, option_index, option_text) VALUES (793, 239, 0, 'Store for a short time');
INSERT INTO options (id, question_id, option_index, option_text) VALUES (794, 239, 1, 'Must revalidate');
INSERT INTO options (id, question_id, option_index, option_text) VALUES (795, 239, 2, 'Do not store at all');
INSERT INTO options (id, question_id, option_index, option_text) VALUES (796, 239, 3, 'Only cache on CDN');
INSERT INTO questions (id, external_id, subtopic_id, question, question_type, correct_answer, correct_index, explanation, learn) VALUES (240, 'rac_005', 13, 'What is an ETag used for?', 'multiple_choice', 'Conditional requests', 1, 'Enables If-None-Match.', NULL);
INSERT INTO options (id, question_id, option_index, option_text) VALUES (797, 240, 0, 'Authentication');
INSERT INTO options (id, question_id, option_index, option_text) VALUES (798, 240, 1, 'Conditional requests');
INSERT INTO options (id, question_id, option_index, option_text) VALUES (799, 240, 2, 'Encryption');
INSERT INTO options (id, question_id, option_index, option_text) VALUES (800, 240, 3, 'Pagination');
INSERT INTO questions (id, external_id, subtopic_id, question, question_type, correct_answer, correct_index, explanation, learn) VALUES (241, 'rac_006', 13, 'What status code is returned when ETag matches?', 'multiple_choice', '304', 2, 'Not Modified.', NULL);
INSERT INTO options (id, question_id, option_index, option_text) VALUES (801, 241, 0, '200');
INSERT INTO options (id, question_id, option_index, option_text) VALUES (802, 241, 1, '201');
INSERT INTO options (id, question_id, option_index, option_text) VALUES (803, 241, 2, '304');
INSERT INTO options (id, question_id, option_index, option_text) VALUES (804, 241, 3, '404');
INSERT INTO questions (id, external_id, subtopic_id, question, question_type, correct_answer, correct_index, explanation, learn) VALUES (242, 'rac_007', 13, 'What is Last-Modified used for?', 'multiple_choice', 'Conditional GETs', 1, 'Used with If-Modified-Since.', NULL);
INSERT INTO options (id, question_id, option_index, option_text) VALUES (805, 242, 0, 'Sorting');
INSERT INTO options (id, question_id, option_index, option_text) VALUES (806, 242, 1, 'Conditional GETs');
INSERT INTO options (id, question_id, option_index, option_text) VALUES (807, 242, 2, 'Authentication');
INSERT INTO options (id, question_id, option_index, option_text) VALUES (808, 242, 3, 'Compression');
INSERT INTO questions (id, external_id, subtopic_id, question, question_type, correct_answer, correct_index, explanation, learn) VALUES (243, 'rac_008', 13, 'What is a shared cache?', 'multiple_choice', 'CDN or proxy cache', 1, 'Used by multiple users.', NULL);
INSERT INTO options (id, question_id, option_index, option_text) VALUES (809, 243, 0, 'Browser cache');
INSERT INTO options (id, question_id, option_index, option_text) VALUES (810, 243, 1, 'CDN or proxy cache');
INSERT INTO options (id, question_id, option_index, option_text) VALUES (811, 243, 2, 'In-memory cache');
INSERT INTO options (id, question_id, option_index, option_text) VALUES (812, 243, 3, 'Database cache');
INSERT INTO questions (id, external_id, subtopic_id, question, question_type, correct_answer, correct_index, explanation, learn) VALUES (244, 'rac_009', 13, 'What does Cache-Control":" private indicate?', 'multiple_choice', 'Cache only by browser', 1, 'Not for shared caches.', NULL);
INSERT INTO options (id, question_id, option_index, option_text) VALUES (813, 244, 0, 'Cache by CDN');
INSERT INTO options (id, question_id, option_index, option_text) VALUES (814, 244, 1, 'Cache only by browser');
INSERT INTO options (id, question_id, option_index, option_text) VALUES (815, 244, 2, 'Do not cache');
INSERT INTO options (id, question_id, option_index, option_text) VALUES (816, 244, 3, 'Cache forever');
INSERT INTO questions (id, external_id, subtopic_id, question, question_type, correct_answer, correct_index, explanation, learn) VALUES (245, 'rac_010', 13, 'What does max-age specify?', 'multiple_choice', 'Time in seconds response is fresh', 2, 'Freshness lifetime.', NULL);
INSERT INTO options (id, question_id, option_index, option_text) VALUES (817, 245, 0, 'Max response size');
INSERT INTO options (id, question_id, option_index, option_text) VALUES (818, 245, 1, 'Max number of requests');
INSERT INTO options (id, question_id, option_index, option_text) VALUES (819, 245, 2, 'Time in seconds response is fresh');
INSERT INTO options (id, question_id, option_index, option_text) VALUES (820, 245, 3, 'Time to retry');
INSERT INTO questions (id, external_id, subtopic_id, question, question_type, correct_answer, correct_index, explanation, learn) VALUES (246, 'rac_011', 13, 'What is stale-while-revalidate?', 'multiple_choice', 'Serve stale while fetching fresh', 1, 'Improves perceived latency.', NULL);
INSERT INTO options (id, question_id, option_index, option_text) VALUES (821, 246, 0, 'Never revalidate');
INSERT INTO options (id, question_id, option_index, option_text) VALUES (822, 246, 1, 'Serve stale while fetching fresh');
INSERT INTO options (id, question_id, option_index, option_text) VALUES (823, 246, 2, 'Block until fresh');
INSERT INTO options (id, question_id, option_index, option_text) VALUES (824, 246, 3, 'Disable cache');
INSERT INTO questions (id, external_id, subtopic_id, question, question_type, correct_answer, correct_index, explanation, learn) VALUES (247, 'rac_012', 13, 'What is cache invalidation?', 'multiple_choice', 'Removing stale entries', 1, 'Keeps cache consistent.', NULL);
INSERT INTO options (id, question_id, option_index, option_text) VALUES (825, 247, 0, 'Compressing cache');
INSERT INTO options (id, question_id, option_index, option_text) VALUES (826, 247, 1, 'Removing stale entries');
INSERT INTO options (id, question_id, option_index, option_text) VALUES (827, 247, 2, 'Increasing TTL');
INSERT INTO options (id, question_id, option_index, option_text) VALUES (828, 247, 3, 'Encrypting cache');
INSERT INTO questions (id, external_id, subtopic_id, question, question_type, correct_answer, correct_index, explanation, learn) VALUES (248, 'rac_013', 13, 'Why is caching POST responses uncommon?', 'multiple_choice', 'POST is usually non-idempotent', 1, 'Side effects and uniqueness.', NULL);
INSERT INTO options (id, question_id, option_index, option_text) VALUES (829, 248, 0, 'Not supported by HTTP');
INSERT INTO options (id, question_id, option_index, option_text) VALUES (830, 248, 1, 'POST is usually non-idempotent');
INSERT INTO options (id, question_id, option_index, option_text) VALUES (831, 248, 2, 'POST is always encrypted');
INSERT INTO options (id, question_id, option_index, option_text) VALUES (832, 248, 3, 'POST is always small');
INSERT INTO questions (id, external_id, subtopic_id, question, question_type, correct_answer, correct_index, explanation, learn) VALUES (249, 'rac_014', 13, 'What is a cache key typically based on?', 'multiple_choice', 'Path and query parameters', 1, 'Identifies unique resource.', NULL);
INSERT INTO options (id, question_id, option_index, option_text) VALUES (833, 249, 0, 'Only path');
INSERT INTO options (id, question_id, option_index, option_text) VALUES (834, 249, 1, 'Path and query parameters');
INSERT INTO options (id, question_id, option_index, option_text) VALUES (835, 249, 2, 'Request body');
INSERT INTO options (id, question_id, option_index, option_text) VALUES (836, 249, 3, 'Response headers');
INSERT INTO questions (id, external_id, subtopic_id, question, question_type, correct_answer, correct_index, explanation, learn) VALUES (250, 'rac_015', 13, 'What is Vary header used for?', 'multiple_choice', 'Cache variation based on request headers', 1, 'e.g. Vary":" Accept-Encoding.', NULL);
INSERT INTO options (id, question_id, option_index, option_text) VALUES (837, 250, 0, 'Sorting');
INSERT INTO options (id, question_id, option_index, option_text) VALUES (838, 250, 1, 'Cache variation based on request headers');
INSERT INTO options (id, question_id, option_index, option_text) VALUES (839, 250, 2, 'Pagination');
INSERT INTO options (id, question_id, option_index, option_text) VALUES (840, 250, 3, 'Authentication');
INSERT INTO questions (id, external_id, subtopic_id, question, question_type, correct_answer, correct_index, explanation, learn) VALUES (251, 'rac_016', 13, 'What is cache stampede?', 'multiple_choice', 'Many clients refreshing same expired key', 1, 'Causes backend overload.', NULL);
INSERT INTO options (id, question_id, option_index, option_text) VALUES (841, 251, 0, 'Cache overflow');
INSERT INTO options (id, question_id, option_index, option_text) VALUES (842, 251, 1, 'Many clients refreshing same expired key');
INSERT INTO options (id, question_id, option_index, option_text) VALUES (843, 251, 2, 'Cache encryption failure');
INSERT INTO options (id, question_id, option_index, option_text) VALUES (844, 251, 3, 'Cache eviction policy');
INSERT INTO questions (id, external_id, subtopic_id, question, question_type, correct_answer, correct_index, explanation, learn) VALUES (252, 'rac_017', 13, 'How can cache stampede be mitigated?', 'multiple_choice', 'Request coalescing or locking', 1, 'One refresh, others wait.', 'Cache stampede arises when a popular cached item expires, causing numerous concurrent requests to simultaneously attempt to fetch or regenerate the item from the origin server. This sudden, uncoordinated demand can overwhelm the backend system, leading to performance degradation or service unavailability.
An effective mitigation strategy involves coordinating these requests to prevent a flood to the origin. When a cache miss occurs for an expired item, only a single request is allowed to proceed to the origin to retrieve or regenerate the data. Subsequent requests for the same item are then held or grouped together, waiting for the initial request to complete its task. Once the data is successfully fetched and the cache is repopulated, all the waiting requests are then efficiently served from the newly updated cache, thereby protecting the origin server from overload.');
INSERT INTO options (id, question_id, option_index, option_text) VALUES (845, 252, 0, 'Lower TTL');
INSERT INTO options (id, question_id, option_index, option_text) VALUES (846, 252, 1, 'Request coalescing or locking');
INSERT INTO options (id, question_id, option_index, option_text) VALUES (847, 252, 2, 'Disable caching');
INSERT INTO options (id, question_id, option_index, option_text) VALUES (848, 252, 3, 'Increase payload size');
INSERT INTO questions (id, external_id, subtopic_id, question, question_type, correct_answer, correct_index, explanation, learn) VALUES (253, 'rac_018', 13, 'What is write-through caching?', 'multiple_choice', 'Write to cache and DB synchronously', 2, 'Cache always consistent.', NULL);
INSERT INTO options (id, question_id, option_index, option_text) VALUES (849, 253, 0, 'Write to cache only');
INSERT INTO options (id, question_id, option_index, option_text) VALUES (850, 253, 1, 'Write to DB only');
INSERT INTO options (id, question_id, option_index, option_text) VALUES (851, 253, 2, 'Write to cache and DB synchronously');
INSERT INTO options (id, question_id, option_index, option_text) VALUES (852, 253, 3, 'Write to cache asynchronously');
INSERT INTO questions (id, external_id, subtopic_id, question, question_type, correct_answer, correct_index, explanation, learn) VALUES (254, 'rac_019', 13, 'What is write-back (write-behind) caching?', 'multiple_choice', 'Write to cache, DB later', 1, 'Improves write latency.', NULL);
INSERT INTO options (id, question_id, option_index, option_text) VALUES (853, 254, 0, 'Write to DB first');
INSERT INTO options (id, question_id, option_index, option_text) VALUES (854, 254, 1, 'Write to cache, DB later');
INSERT INTO options (id, question_id, option_index, option_text) VALUES (855, 254, 2, 'Write to both immediately');
INSERT INTO options (id, question_id, option_index, option_text) VALUES (856, 254, 3, 'Never write to DB');
INSERT INTO questions (id, external_id, subtopic_id, question, question_type, correct_answer, correct_index, explanation, learn) VALUES (255, 'rac_020', 13, 'Why is caching user-specific data risky in shared caches?', 'multiple_choice', 'Data leakage between users', 1, 'Security and privacy risk.', NULL);
INSERT INTO options (id, question_id, option_index, option_text) VALUES (857, 255, 0, 'Performance issues');
INSERT INTO options (id, question_id, option_index, option_text) VALUES (858, 255, 1, 'Data leakage between users');
INSERT INTO options (id, question_id, option_index, option_text) VALUES (859, 255, 2, 'Larger payloads');
INSERT INTO options (id, question_id, option_index, option_text) VALUES (860, 255, 3, 'Slower writes');
INSERT INTO questions (id, external_id, subtopic_id, question, question_type, correct_answer, correct_index, explanation, learn) VALUES (256, 'REST-004', 14, 'What is the main advantage of cursor-based pagination over offset-based pagination?', 'multiple_choice', 'Better for real-time changing datasets', 1, 'Cursor-based pagination avoids issues with shifting offsets when data changes.', NULL);
INSERT INTO options (id, question_id, option_index, option_text) VALUES (861, 256, 0, 'Easier to implement');
INSERT INTO options (id, question_id, option_index, option_text) VALUES (862, 256, 1, 'Better for real-time changing datasets');
INSERT INTO options (id, question_id, option_index, option_text) VALUES (863, 256, 2, 'Uses fewer headers');
INSERT INTO options (id, question_id, option_index, option_text) VALUES (864, 256, 3, 'More cacheable');
INSERT INTO questions (id, external_id, subtopic_id, question, question_type, correct_answer, correct_index, explanation, learn) VALUES (257, 'REST-005', 14, 'Why are idempotency keys used in APIs?', 'multiple_choice', 'To prevent duplicate processing on retries', 1, 'Idempotency keys ensure that retries do not create duplicate side effects.', NULL);
INSERT INTO options (id, question_id, option_index, option_text) VALUES (865, 257, 0, 'To cache responses');
INSERT INTO options (id, question_id, option_index, option_text) VALUES (866, 257, 1, 'To prevent duplicate processing on retries');
INSERT INTO options (id, question_id, option_index, option_text) VALUES (867, 257, 2, 'To encrypt payloads');
INSERT INTO options (id, question_id, option_index, option_text) VALUES (868, 257, 3, 'To version APIs');
INSERT INTO questions (id, external_id, subtopic_id, question, question_type, correct_answer, correct_index, explanation, learn) VALUES (258, 'REST-006', 14, 'Which is generally considered the best practice for REST API versioning?', 'multiple_choice', 'In URL path or headers', 2, 'Versioning via URL path (/v1/) or headers is the most common and explicit approach.', NULL);
INSERT INTO options (id, question_id, option_index, option_text) VALUES (869, 258, 0, 'In request body');
INSERT INTO options (id, question_id, option_index, option_text) VALUES (870, 258, 1, 'In query parameters');
INSERT INTO options (id, question_id, option_index, option_text) VALUES (871, 258, 2, 'In URL path or headers');
INSERT INTO options (id, question_id, option_index, option_text) VALUES (872, 258, 3, 'In cookies');
INSERT INTO questions (id, external_id, subtopic_id, question, question_type, correct_answer, correct_index, explanation, learn) VALUES (259, 'http_001', 15, 'Which HTTP method is both safe and idempotent?', 'multiple_choice', 'GET', 0, 'GET is safe (no side effects) and idempotent (multiple calls have same effect).', NULL);
INSERT INTO options (id, question_id, option_index, option_text) VALUES (873, 259, 0, 'GET');
INSERT INTO options (id, question_id, option_index, option_text) VALUES (874, 259, 1, 'POST');
INSERT INTO options (id, question_id, option_index, option_text) VALUES (875, 259, 2, 'PATCH');
INSERT INTO options (id, question_id, option_index, option_text) VALUES (876, 259, 3, 'DELETE');
INSERT INTO questions (id, external_id, subtopic_id, question, question_type, correct_answer, correct_index, explanation, learn) VALUES (260, 'http_002', 15, 'Which HTTP method is idempotent but NOT safe?', 'multiple_choice', 'PUT', 2, 'PUT is idempotent but not safe because it modifies server state.', NULL);
INSERT INTO options (id, question_id, option_index, option_text) VALUES (877, 260, 0, 'GET');
INSERT INTO options (id, question_id, option_index, option_text) VALUES (878, 260, 1, 'POST');
INSERT INTO options (id, question_id, option_index, option_text) VALUES (879, 260, 2, 'PUT');
INSERT INTO options (id, question_id, option_index, option_text) VALUES (880, 260, 3, 'PATCH');
INSERT INTO questions (id, external_id, subtopic_id, question, question_type, correct_answer, correct_index, explanation, learn) VALUES (261, 'http_003', 15, 'Which method is typically used for partial updates?', 'multiple_choice', 'PATCH', 2, 'PATCH is designed for partial updates to a resource.', NULL);
INSERT INTO options (id, question_id, option_index, option_text) VALUES (881, 261, 0, 'PUT');
INSERT INTO options (id, question_id, option_index, option_text) VALUES (882, 261, 1, 'POST');
INSERT INTO options (id, question_id, option_index, option_text) VALUES (883, 261, 2, 'PATCH');
INSERT INTO options (id, question_id, option_index, option_text) VALUES (884, 261, 3, 'GET');
INSERT INTO questions (id, external_id, subtopic_id, question, question_type, correct_answer, correct_index, explanation, learn) VALUES (262, 'http_004', 15, 'What is the main semantic difference between PUT and POST?', 'multiple_choice', 'PUT is idempotent, POST is not', 1, 'PUT is idempotent and usually replaces a resource. POST is not idempotent.', NULL);
INSERT INTO options (id, question_id, option_index, option_text) VALUES (885, 262, 0, 'PUT creates, POST updates');
INSERT INTO options (id, question_id, option_index, option_text) VALUES (886, 262, 1, 'PUT is idempotent, POST is not');
INSERT INTO options (id, question_id, option_index, option_text) VALUES (887, 262, 2, 'POST is safe, PUT is not');
INSERT INTO options (id, question_id, option_index, option_text) VALUES (888, 262, 3, 'PUT is only for partial updates');
INSERT INTO questions (id, external_id, subtopic_id, question, question_type, correct_answer, correct_index, explanation, learn) VALUES (263, 'http_005', 15, 'Which HTTP header is used to specify the media type of the request body?', 'multiple_choice', 'Content-Type', 1, 'Content-Type indicates the format of the request body.', NULL);
INSERT INTO options (id, question_id, option_index, option_text) VALUES (889, 263, 0, 'Accept');
INSERT INTO options (id, question_id, option_index, option_text) VALUES (890, 263, 1, 'Content-Type');
INSERT INTO options (id, question_id, option_index, option_text) VALUES (891, 263, 2, 'Authorization');
INSERT INTO options (id, question_id, option_index, option_text) VALUES (892, 263, 3, 'Host');
INSERT INTO questions (id, external_id, subtopic_id, question, question_type, correct_answer, correct_index, explanation, learn) VALUES (264, 'http_006', 15, 'Which HTTP header tells the server which response formats the client can accept?', 'multiple_choice', 'Accept', 1, 'Accept is used for content negotiation of response formats.', NULL);
INSERT INTO options (id, question_id, option_index, option_text) VALUES (893, 264, 0, 'Content-Type');
INSERT INTO options (id, question_id, option_index, option_text) VALUES (894, 264, 1, 'Accept');
INSERT INTO options (id, question_id, option_index, option_text) VALUES (895, 264, 2, 'Cache-Control');
INSERT INTO options (id, question_id, option_index, option_text) VALUES (896, 264, 3, 'User-Agent');
INSERT INTO questions (id, external_id, subtopic_id, question, question_type, correct_answer, correct_index, explanation, learn) VALUES (265, 'http_007', 15, 'Which HTTP method should be used to retrieve only headers without a response body?', 'multiple_choice', 'HEAD', 2, 'HEAD returns headers only, no response body.', NULL);
INSERT INTO options (id, question_id, option_index, option_text) VALUES (897, 265, 0, 'GET');
INSERT INTO options (id, question_id, option_index, option_text) VALUES (898, 265, 1, 'OPTIONS');
INSERT INTO options (id, question_id, option_index, option_text) VALUES (899, 265, 2, 'HEAD');
INSERT INTO options (id, question_id, option_index, option_text) VALUES (900, 265, 3, 'TRACE');
INSERT INTO questions (id, external_id, subtopic_id, question, question_type, correct_answer, correct_index, explanation, learn) VALUES (266, 'http_008', 15, 'Which HTTP method is commonly used to discover allowed methods on a resource?', 'multiple_choice', 'OPTIONS', 0, 'OPTIONS returns supported HTTP methods for a resource.', NULL);
INSERT INTO options (id, question_id, option_index, option_text) VALUES (901, 266, 0, 'OPTIONS');
INSERT INTO options (id, question_id, option_index, option_text) VALUES (902, 266, 1, 'TRACE');
INSERT INTO options (id, question_id, option_index, option_text) VALUES (903, 266, 2, 'CONNECT');
INSERT INTO options (id, question_id, option_index, option_text) VALUES (904, 266, 3, 'HEAD');
INSERT INTO questions (id, external_id, subtopic_id, question, question_type, correct_answer, correct_index, explanation, learn) VALUES (267, 'http_009', 15, 'Which of the following is NOT an idempotent HTTP method?', 'multiple_choice', 'POST', 3, 'POST is not idempotent; repeated requests may create multiple resources.', NULL);
INSERT INTO options (id, question_id, option_index, option_text) VALUES (905, 267, 0, 'GET');
INSERT INTO options (id, question_id, option_index, option_text) VALUES (906, 267, 1, 'PUT');
INSERT INTO options (id, question_id, option_index, option_text) VALUES (907, 267, 2, 'DELETE');
INSERT INTO options (id, question_id, option_index, option_text) VALUES (908, 267, 3, 'POST');
INSERT INTO questions (id, external_id, subtopic_id, question, question_type, correct_answer, correct_index, explanation, learn) VALUES (268, 'http_010', 15, 'What does it mean for an HTTP method to be "safe"?', 'multiple_choice', 'It does not modify server state', 1, 'Safe methods should not cause side effects on the server.', NULL);
INSERT INTO options (id, question_id, option_index, option_text) VALUES (909, 268, 0, 'It is encrypted');
INSERT INTO options (id, question_id, option_index, option_text) VALUES (910, 268, 1, 'It does not modify server state');
INSERT INTO options (id, question_id, option_index, option_text) VALUES (911, 268, 2, 'It is authenticated');
INSERT INTO options (id, question_id, option_index, option_text) VALUES (912, 268, 3, 'It is cached by default');
INSERT INTO questions (id, external_id, subtopic_id, question, question_type, correct_answer, correct_index, explanation, learn) VALUES (269, 'http_011', 15, 'Which header is commonly used for optimistic concurrency control?', 'multiple_choice', 'If-Match', 0, 'If-Match with ETags is used to ensure updates apply to the expected version.', NULL);
INSERT INTO options (id, question_id, option_index, option_text) VALUES (913, 269, 0, 'If-Match');
INSERT INTO options (id, question_id, option_index, option_text) VALUES (914, 269, 1, 'If-None-Match');
INSERT INTO options (id, question_id, option_index, option_text) VALUES (915, 269, 2, 'Cache-Control');
INSERT INTO options (id, question_id, option_index, option_text) VALUES (916, 269, 3, 'Authorization');
INSERT INTO questions (id, external_id, subtopic_id, question, question_type, correct_answer, correct_index, explanation, learn) VALUES (270, 'http_012', 15, 'Which header is used to send credentials such as Bearer tokens?', 'multiple_choice', 'Authorization', 2, 'Authorization header is standard for Bearer tokens and other auth schemes.', NULL);
INSERT INTO options (id, question_id, option_index, option_text) VALUES (917, 270, 0, 'Cookie');
INSERT INTO options (id, question_id, option_index, option_text) VALUES (918, 270, 1, 'X-Auth');
INSERT INTO options (id, question_id, option_index, option_text) VALUES (919, 270, 2, 'Authorization');
INSERT INTO options (id, question_id, option_index, option_text) VALUES (920, 270, 3, 'Set-Cookie');
INSERT INTO questions (id, external_id, subtopic_id, question, question_type, correct_answer, correct_index, explanation, learn) VALUES (271, 'http_013', 15, 'Which HTTP method is most appropriate for creating a sub-resource under a collection?', 'multiple_choice', 'POST', 2, 'POST is typically used to create new resources within a collection.', NULL);
INSERT INTO options (id, question_id, option_index, option_text) VALUES (921, 271, 0, 'PUT');
INSERT INTO options (id, question_id, option_index, option_text) VALUES (922, 271, 1, 'PATCH');
INSERT INTO options (id, question_id, option_index, option_text) VALUES (923, 271, 2, 'POST');
INSERT INTO options (id, question_id, option_index, option_text) VALUES (924, 271, 3, 'DELETE');
INSERT INTO questions (id, external_id, subtopic_id, question, question_type, correct_answer, correct_index, explanation, learn) VALUES (272, 'http_014', 15, 'Which header controls how long a response can be cached?', 'multiple_choice', 'Cache-Control', 1, 'Cache-Control provides directives for caching behavior.', NULL);
INSERT INTO options (id, question_id, option_index, option_text) VALUES (925, 272, 0, 'Accept');
INSERT INTO options (id, question_id, option_index, option_text) VALUES (926, 272, 1, 'Cache-Control');
INSERT INTO options (id, question_id, option_index, option_text) VALUES (927, 272, 2, 'Content-Type');
INSERT INTO options (id, question_id, option_index, option_text) VALUES (928, 272, 3, 'Expires');
INSERT INTO questions (id, external_id, subtopic_id, question, question_type, correct_answer, correct_index, explanation, learn) VALUES (273, 'http_015', 15, 'Which method is typically used to completely replace a resource?', 'multiple_choice', 'PUT', 2, 'PUT usually replaces the full representation of a resource.', NULL);
INSERT INTO options (id, question_id, option_index, option_text) VALUES (929, 273, 0, 'PATCH');
INSERT INTO options (id, question_id, option_index, option_text) VALUES (930, 273, 1, 'POST');
INSERT INTO options (id, question_id, option_index, option_text) VALUES (931, 273, 2, 'PUT');
INSERT INTO options (id, question_id, option_index, option_text) VALUES (932, 273, 3, 'GET');
INSERT INTO questions (id, external_id, subtopic_id, question, question_type, correct_answer, correct_index, explanation, learn) VALUES (274, 'http_016', 15, 'Which HTTP method can be safely retried automatically by clients?', 'multiple_choice', 'GET', 2, 'Safe and idempotent methods like GET can be safely retried.', NULL);
INSERT INTO options (id, question_id, option_index, option_text) VALUES (933, 274, 0, 'POST');
INSERT INTO options (id, question_id, option_index, option_text) VALUES (934, 274, 1, 'PATCH');
INSERT INTO options (id, question_id, option_index, option_text) VALUES (935, 274, 2, 'GET');
INSERT INTO options (id, question_id, option_index, option_text) VALUES (936, 274, 3, 'CONNECT');
INSERT INTO questions (id, external_id, subtopic_id, question, question_type, correct_answer, correct_index, explanation, learn) VALUES (275, 'http_017', 15, 'Which header indicates the URL of a newly created resource?', 'multiple_choice', 'Location', 0, 'Location header is typically included with 201 Created responses.', NULL);
INSERT INTO options (id, question_id, option_index, option_text) VALUES (937, 275, 0, 'Location');
INSERT INTO options (id, question_id, option_index, option_text) VALUES (938, 275, 1, 'Host');
INSERT INTO options (id, question_id, option_index, option_text) VALUES (939, 275, 2, 'Referer');
INSERT INTO options (id, question_id, option_index, option_text) VALUES (940, 275, 3, 'Origin');
INSERT INTO questions (id, external_id, subtopic_id, question, question_type, correct_answer, correct_index, explanation, learn) VALUES (276, 'http_018', 15, 'What is the purpose of the User-Agent header?', 'multiple_choice', 'Identify the client software', 2, 'User-Agent identifies the client making the request.', NULL);
INSERT INTO options (id, question_id, option_index, option_text) VALUES (941, 276, 0, 'Authentication');
INSERT INTO options (id, question_id, option_index, option_text) VALUES (942, 276, 1, 'Content negotiation');
INSERT INTO options (id, question_id, option_index, option_text) VALUES (943, 276, 2, 'Identify the client software');
INSERT INTO options (id, question_id, option_index, option_text) VALUES (944, 276, 3, 'Caching control');
INSERT INTO questions (id, external_id, subtopic_id, question, question_type, correct_answer, correct_index, explanation, learn) VALUES (277, 'http_019', 15, 'Which HTTP method is primarily used to establish a tunnel (e.g., HTTPS via proxy)?', 'multiple_choice', 'CONNECT', 2, 'CONNECT is used to establish a tunnel, commonly for HTTPS through proxies.', NULL);
INSERT INTO options (id, question_id, option_index, option_text) VALUES (945, 277, 0, 'TRACE');
INSERT INTO options (id, question_id, option_index, option_text) VALUES (946, 277, 1, 'OPTIONS');
INSERT INTO options (id, question_id, option_index, option_text) VALUES (947, 277, 2, 'CONNECT');
INSERT INTO options (id, question_id, option_index, option_text) VALUES (948, 277, 3, 'HEAD');
INSERT INTO questions (id, external_id, subtopic_id, question, question_type, correct_answer, correct_index, explanation, learn) VALUES (278, 'http_020', 15, 'Which header can be used to indicate the preferred language for the response?', 'multiple_choice', 'Accept-Language', 1, 'Accept-Language is used for language negotiation.', NULL);
INSERT INTO options (id, question_id, option_index, option_text) VALUES (949, 278, 0, 'Content-Language');
INSERT INTO options (id, question_id, option_index, option_text) VALUES (950, 278, 1, 'Accept-Language');
INSERT INTO options (id, question_id, option_index, option_text) VALUES (951, 278, 2, 'Language');
INSERT INTO options (id, question_id, option_index, option_text) VALUES (952, 278, 3, 'Locale');
INSERT INTO questions (id, external_id, subtopic_id, question, question_type, correct_answer, correct_index, explanation, learn) VALUES (279, 'REST-001', 15, 'Which HTTP method is idempotent?', 'multiple_choice', 'PUT', 2, 'PUT is idempotent because repeating the same request results in the same state.', NULL);
INSERT INTO options (id, question_id, option_index, option_text) VALUES (953, 279, 0, 'POST');
INSERT INTO options (id, question_id, option_index, option_text) VALUES (954, 279, 1, 'PATCH');
INSERT INTO options (id, question_id, option_index, option_text) VALUES (955, 279, 2, 'PUT');
INSERT INTO options (id, question_id, option_index, option_text) VALUES (956, 279, 3, 'CONNECT');
INSERT INTO questions (id, external_id, subtopic_id, question, question_type, correct_answer, correct_index, explanation, learn) VALUES (280, 'REST-003', 15, 'Which HTTP header is typically used to send a Bearer token?', 'multiple_choice', 'Authorization', 2, 'Bearer tokens are sent using the Authorization header.', NULL);
INSERT INTO options (id, question_id, option_index, option_text) VALUES (957, 280, 0, 'X-Auth-Token');
INSERT INTO options (id, question_id, option_index, option_text) VALUES (958, 280, 1, 'Authentication');
INSERT INTO options (id, question_id, option_index, option_text) VALUES (959, 280, 2, 'Authorization');
INSERT INTO options (id, question_id, option_index, option_text) VALUES (960, 280, 3, 'Cookie');
INSERT INTO questions (id, external_id, subtopic_id, question, question_type, correct_answer, correct_index, explanation, learn) VALUES (281, 'REST-007', 15, 'Which HTTP header controls how long a response can be cached?', 'multiple_choice', 'Cache-Control', 1, 'Cache-Control directives specify caching behavior and max-age.', NULL);
INSERT INTO options (id, question_id, option_index, option_text) VALUES (961, 281, 0, 'ETag');
INSERT INTO options (id, question_id, option_index, option_text) VALUES (962, 281, 1, 'Cache-Control');
INSERT INTO options (id, question_id, option_index, option_text) VALUES (963, 281, 2, 'Last-Modified');
INSERT INTO options (id, question_id, option_index, option_text) VALUES (964, 281, 3, 'Accept');
INSERT INTO questions (id, external_id, subtopic_id, question, question_type, correct_answer, correct_index, explanation, learn) VALUES (282, 'REST-008', 15, 'How are ETags commonly used in REST APIs?', 'multiple_choice', 'For optimistic locking', 1, 'ETags are used with If-Match / If-None-Match headers for concurrency control.', NULL);
INSERT INTO options (id, question_id, option_index, option_text) VALUES (965, 282, 0, 'For authentication');
INSERT INTO options (id, question_id, option_index, option_text) VALUES (966, 282, 1, 'For optimistic locking');
INSERT INTO options (id, question_id, option_index, option_text) VALUES (967, 282, 2, 'For encryption');
INSERT INTO options (id, question_id, option_index, option_text) VALUES (968, 282, 3, 'For pagination');
INSERT INTO questions (id, external_id, subtopic_id, question, question_type, correct_answer, correct_index, explanation, learn) VALUES (283, 'idem_001', 16, 'What does idempotency mean in the context of APIs?', 'multiple_choice', 'A request can be retried without changing the final result', 1, 'Idempotent operations produce the same effect when repeated.', NULL);
INSERT INTO options (id, question_id, option_index, option_text) VALUES (969, 283, 0, 'A request is encrypted');
INSERT INTO options (id, question_id, option_index, option_text) VALUES (970, 283, 1, 'A request can be retried without changing the final result');
INSERT INTO options (id, question_id, option_index, option_text) VALUES (971, 283, 2, 'A request is faster');
INSERT INTO options (id, question_id, option_index, option_text) VALUES (972, 283, 3, 'A request always returns the same response body');
INSERT INTO questions (id, external_id, subtopic_id, question, question_type, correct_answer, correct_index, explanation, learn) VALUES (284, 'idem_002', 16, 'Which HTTP methods are idempotent by definition?', 'multiple_choice', 'GET, PUT, DELETE', 1, 'These methods should be safe to retry without additional side effects.', NULL);
INSERT INTO options (id, question_id, option_index, option_text) VALUES (973, 284, 0, 'POST only');
INSERT INTO options (id, question_id, option_index, option_text) VALUES (974, 284, 1, 'GET, PUT, DELETE');
INSERT INTO options (id, question_id, option_index, option_text) VALUES (975, 284, 2, 'POST, PATCH');
INSERT INTO options (id, question_id, option_index, option_text) VALUES (976, 284, 3, 'CONNECT, TRACE');
INSERT INTO questions (id, external_id, subtopic_id, question, question_type, correct_answer, correct_index, explanation, learn) VALUES (285, 'idem_003', 16, 'Why is idempotency important in distributed systems?', 'multiple_choice', 'To handle retries safely after network failures', 1, 'Retries are common in distributed systems.', NULL);
INSERT INTO options (id, question_id, option_index, option_text) VALUES (977, 285, 0, 'To improve UI performance');
INSERT INTO options (id, question_id, option_index, option_text) VALUES (978, 285, 1, 'To handle retries safely after network failures');
INSERT INTO options (id, question_id, option_index, option_text) VALUES (979, 285, 2, 'To encrypt sensitive data');
INSERT INTO options (id, question_id, option_index, option_text) VALUES (980, 285, 3, 'To reduce memory usage');
INSERT INTO questions (id, external_id, subtopic_id, question, question_type, correct_answer, correct_index, explanation, learn) VALUES (286, 'idem_004', 16, 'Why is POST typically not idempotent?', 'multiple_choice', 'Because it usually creates new resources', 1, 'Repeating POST can create duplicate resources.', NULL);
INSERT INTO options (id, question_id, option_index, option_text) VALUES (981, 286, 0, 'Because it is slower');
INSERT INTO options (id, question_id, option_index, option_text) VALUES (982, 286, 1, 'Because it usually creates new resources');
INSERT INTO options (id, question_id, option_index, option_text) VALUES (983, 286, 2, 'Because it cannot be cached');
INSERT INTO options (id, question_id, option_index, option_text) VALUES (984, 286, 3, 'Because it uses JSON');
INSERT INTO questions (id, external_id, subtopic_id, question, question_type, correct_answer, correct_index, explanation, learn) VALUES (287, 'idem_005', 16, 'What is an idempotency key?', 'multiple_choice', 'A unique client-generated key to identify a request', 1, 'Idempotency keys allow servers to recognize retries.', NULL);
INSERT INTO options (id, question_id, option_index, option_text) VALUES (985, 287, 0, 'A cache key');
INSERT INTO options (id, question_id, option_index, option_text) VALUES (986, 287, 1, 'A unique client-generated key to identify a request');
INSERT INTO options (id, question_id, option_index, option_text) VALUES (987, 287, 2, 'An encryption token');
INSERT INTO options (id, question_id, option_index, option_text) VALUES (988, 287, 3, 'A database primary key');
INSERT INTO questions (id, external_id, subtopic_id, question, question_type, correct_answer, correct_index, explanation, learn) VALUES (288, 'idem_006', 16, 'Where are idempotency keys most commonly used?', 'multiple_choice', 'Payment or resource-creation APIs', 2, 'These flows must avoid duplicate charges or creations.', NULL);
INSERT INTO options (id, question_id, option_index, option_text) VALUES (989, 288, 0, 'GET requests');
INSERT INTO options (id, question_id, option_index, option_text) VALUES (990, 288, 1, 'Authentication flows');
INSERT INTO options (id, question_id, option_index, option_text) VALUES (991, 288, 2, 'Payment or resource-creation APIs');
INSERT INTO options (id, question_id, option_index, option_text) VALUES (992, 288, 3, 'Static file serving');
INSERT INTO questions (id, external_id, subtopic_id, question, question_type, correct_answer, correct_index, explanation, learn) VALUES (289, 'idem_007', 16, 'What is a common server-side strategy to implement idempotency?', 'multiple_choice', 'Store request results keyed by idempotency key', 1, 'Servers can return the same result for repeated keys.', NULL);
INSERT INTO options (id, question_id, option_index, option_text) VALUES (993, 289, 0, 'Ignore duplicate requests');
INSERT INTO options (id, question_id, option_index, option_text) VALUES (994, 289, 1, 'Store request results keyed by idempotency key');
INSERT INTO options (id, question_id, option_index, option_text) VALUES (995, 289, 2, 'Increase timeout values');
INSERT INTO options (id, question_id, option_index, option_text) VALUES (996, 289, 3, 'Disable retries');
INSERT INTO questions (id, external_id, subtopic_id, question, question_type, correct_answer, correct_index, explanation, learn) VALUES (290, 'idem_008', 16, 'How does idempotency relate to retries?', 'multiple_choice', 'It allows safe retries', 1, 'Idempotency ensures retries don’t cause duplicates.', NULL);
INSERT INTO options (id, question_id, option_index, option_text) VALUES (997, 290, 0, 'It prevents retries');
INSERT INTO options (id, question_id, option_index, option_text) VALUES (998, 290, 1, 'It allows safe retries');
INSERT INTO options (id, question_id, option_index, option_text) VALUES (999, 290, 2, 'It makes retries faster');
INSERT INTO options (id, question_id, option_index, option_text) VALUES (1000, 290, 3, 'It disables retries');
INSERT INTO questions (id, external_id, subtopic_id, question, question_type, correct_answer, correct_index, explanation, learn) VALUES (291, 'idem_009', 16, 'Which scenario most requires idempotency?', 'multiple_choice', 'Charging a credit card', 2, 'Financial operations must avoid duplicate side effects.', NULL);
INSERT INTO options (id, question_id, option_index, option_text) VALUES (1001, 291, 0, 'Fetching a list of users');
INSERT INTO options (id, question_id, option_index, option_text) VALUES (1002, 291, 1, 'Updating UI theme settings');
INSERT INTO options (id, question_id, option_index, option_text) VALUES (1003, 291, 2, 'Charging a credit card');
INSERT INTO options (id, question_id, option_index, option_text) VALUES (1004, 291, 3, 'Loading static assets');
INSERT INTO questions (id, external_id, subtopic_id, question, question_type, correct_answer, correct_index, explanation, learn) VALUES (292, 'idem_010', 16, 'What is a potential downside of idempotency key storage?', 'multiple_choice', 'Increased storage and cleanup complexity', 0, 'Servers must manage lifecycle of stored keys.', NULL);
INSERT INTO options (id, question_id, option_index, option_text) VALUES (1005, 292, 0, 'Increased storage and cleanup complexity');
INSERT INTO options (id, question_id, option_index, option_text) VALUES (1006, 292, 1, 'Reduced security');
INSERT INTO options (id, question_id, option_index, option_text) VALUES (1007, 292, 2, 'Slower UI rendering');
INSERT INTO options (id, question_id, option_index, option_text) VALUES (1008, 292, 3, 'Broken caching');
INSERT INTO questions (id, external_id, subtopic_id, question, question_type, correct_answer, correct_index, explanation, learn) VALUES (293, 'idem_011', 16, 'Can DELETE be idempotent?', 'multiple_choice', 'Yes, deleting the same resource multiple times has same effect', 1, 'After deletion, further deletes have no additional effect.', NULL);
INSERT INTO options (id, question_id, option_index, option_text) VALUES (1009, 293, 0, 'No, never');
INSERT INTO options (id, question_id, option_index, option_text) VALUES (1010, 293, 1, 'Yes, deleting the same resource multiple times has same effect');
INSERT INTO options (id, question_id, option_index, option_text) VALUES (1011, 293, 2, 'Only with POST');
INSERT INTO options (id, question_id, option_index, option_text) VALUES (1012, 293, 3, 'Only with PATCH');
INSERT INTO questions (id, external_id, subtopic_id, question, question_type, correct_answer, correct_index, explanation, learn) VALUES (294, 'idem_012', 16, 'Why is PUT idempotent?', 'multiple_choice', 'It replaces a resource with the same representation', 1, 'Repeating PUT with same body leads to same state.', NULL);
INSERT INTO options (id, question_id, option_index, option_text) VALUES (1013, 294, 0, 'It always creates resources');
INSERT INTO options (id, question_id, option_index, option_text) VALUES (1014, 294, 1, 'It replaces a resource with the same representation');
INSERT INTO options (id, question_id, option_index, option_text) VALUES (1015, 294, 2, 'It cannot fail');
INSERT INTO options (id, question_id, option_index, option_text) VALUES (1016, 294, 3, 'It is cached');
INSERT INTO questions (id, external_id, subtopic_id, question, question_type, correct_answer, correct_index, explanation, learn) VALUES (295, 'idem_013', 16, 'What is a best practice for idempotency keys?', 'multiple_choice', 'Generate a unique key per logical operation', 1, 'Each logical operation should have a unique key.', NULL);
INSERT INTO options (id, question_id, option_index, option_text) VALUES (1017, 295, 0, 'Reuse the same key for all requests');
INSERT INTO options (id, question_id, option_index, option_text) VALUES (1018, 295, 1, 'Generate a unique key per logical operation');
INSERT INTO options (id, question_id, option_index, option_text) VALUES (1019, 295, 2, 'Use the user ID as the key');
INSERT INTO options (id, question_id, option_index, option_text) VALUES (1020, 295, 3, 'Use timestamps only');
INSERT INTO questions (id, external_id, subtopic_id, question, question_type, correct_answer, correct_index, explanation, learn) VALUES (296, 'idem_014', 16, 'What happens if a client retries with the same idempotency key?', 'multiple_choice', 'The server should return the same result', 1, 'This ensures safe retries.', NULL);
INSERT INTO options (id, question_id, option_index, option_text) VALUES (1021, 296, 0, 'The server must reject it');
INSERT INTO options (id, question_id, option_index, option_text) VALUES (1022, 296, 1, 'The server should return the same result');
INSERT INTO options (id, question_id, option_index, option_text) VALUES (1023, 296, 2, 'The server should create a new resource');
INSERT INTO options (id, question_id, option_index, option_text) VALUES (1024, 296, 3, 'The server should reset the key');
INSERT INTO questions (id, external_id, subtopic_id, question, question_type, correct_answer, correct_index, explanation, learn) VALUES (297, 'idem_015', 16, 'Why is idempotency critical for at-least-once delivery systems?', 'multiple_choice', 'To handle duplicate message delivery safely', 1, 'At-least-once systems can deliver duplicates.', NULL);
INSERT INTO options (id, question_id, option_index, option_text) VALUES (1025, 297, 0, 'To reduce memory usage');
INSERT INTO options (id, question_id, option_index, option_text) VALUES (1026, 297, 1, 'To handle duplicate message delivery safely');
INSERT INTO options (id, question_id, option_index, option_text) VALUES (1027, 297, 2, 'To encrypt messages');
INSERT INTO options (id, question_id, option_index, option_text) VALUES (1028, 297, 3, 'To speed up consumers');
INSERT INTO questions (id, external_id, subtopic_id, question, question_type, correct_answer, correct_index, explanation, learn) VALUES (298, 'rpf_001', 17, 'What is offset-based pagination?', 'multiple_choice', 'Using limit and offset parameters', 1, 'Offset pagination uses LIMIT/OFFSET.', NULL);
INSERT INTO options (id, question_id, option_index, option_text) VALUES (1029, 298, 0, 'Using a cursor token to fetch next results');
INSERT INTO options (id, question_id, option_index, option_text) VALUES (1030, 298, 1, 'Using limit and offset parameters');
INSERT INTO options (id, question_id, option_index, option_text) VALUES (1031, 298, 2, 'Sorting by primary key');
INSERT INTO options (id, question_id, option_index, option_text) VALUES (1032, 298, 3, 'Filtering by date range');
INSERT INTO questions (id, external_id, subtopic_id, question, question_type, correct_answer, correct_index, explanation, learn) VALUES (299, 'rpf_002', 17, 'What is a main drawback of offset-based pagination?', 'multiple_choice', 'Poor performance on large offsets', 1, 'Large offsets require skipping many rows.', NULL);
INSERT INTO options (id, question_id, option_index, option_text) VALUES (1033, 299, 0, 'Hard to implement');
INSERT INTO options (id, question_id, option_index, option_text) VALUES (1034, 299, 1, 'Poor performance on large offsets');
INSERT INTO options (id, question_id, option_index, option_text) VALUES (1035, 299, 2, 'Cannot sort results');
INSERT INTO options (id, question_id, option_index, option_text) VALUES (1036, 299, 3, 'Cannot filter results');
INSERT INTO questions (id, external_id, subtopic_id, question, question_type, correct_answer, correct_index, explanation, learn) VALUES (300, 'rpf_003', 17, 'What is cursor-based pagination?', 'multiple_choice', 'Using an opaque token to fetch the next set', 1, 'Cursor identifies position.', NULL);
INSERT INTO options (id, question_id, option_index, option_text) VALUES (1037, 300, 0, 'Using page numbers');
INSERT INTO options (id, question_id, option_index, option_text) VALUES (1038, 300, 1, 'Using an opaque token to fetch the next set');
INSERT INTO options (id, question_id, option_index, option_text) VALUES (1039, 300, 2, 'Using offset');
INSERT INTO options (id, question_id, option_index, option_text) VALUES (1040, 300, 3, 'Using LIMIT only');
INSERT INTO questions (id, external_id, subtopic_id, question, question_type, correct_answer, correct_index, explanation, learn) VALUES (301, 'rpf_004', 17, 'Why is cursor-based pagination preferred at scale?', 'multiple_choice', 'More efficient for large datasets', 2, 'Avoids scanning skipped rows.', NULL);
INSERT INTO options (id, question_id, option_index, option_text) VALUES (1041, 301, 0, 'Easier to implement');
INSERT INTO options (id, question_id, option_index, option_text) VALUES (1042, 301, 1, 'Better for real-time updates');
INSERT INTO options (id, question_id, option_index, option_text) VALUES (1043, 301, 2, 'More efficient for large datasets');
INSERT INTO options (id, question_id, option_index, option_text) VALUES (1044, 301, 3, 'Works only with SQL');
INSERT INTO questions (id, external_id, subtopic_id, question, question_type, correct_answer, correct_index, explanation, learn) VALUES (302, 'rpf_005', 17, 'What problem can occur with offset pagination when data changes?', 'multiple_choice', 'Duplicate or missing items', 0, 'Inserts/deletes shift offsets.', NULL);
INSERT INTO options (id, question_id, option_index, option_text) VALUES (1045, 302, 0, 'Duplicate or missing items');
INSERT INTO options (id, question_id, option_index, option_text) VALUES (1046, 302, 1, 'Increased memory usage');
INSERT INTO options (id, question_id, option_index, option_text) VALUES (1047, 302, 2, 'Broken authentication');
INSERT INTO options (id, question_id, option_index, option_text) VALUES (1048, 302, 3, 'Slower writes');
INSERT INTO questions (id, external_id, subtopic_id, question, question_type, correct_answer, correct_index, explanation, learn) VALUES (303, 'rpf_006', 17, 'What is keyset pagination?', 'multiple_choice', 'Pagination using a sorted column value', 1, 'Also called seek pagination.', NULL);
INSERT INTO options (id, question_id, option_index, option_text) VALUES (1049, 303, 0, 'Pagination using cache keys');
INSERT INTO options (id, question_id, option_index, option_text) VALUES (1050, 303, 1, 'Pagination using a sorted column value');
INSERT INTO options (id, question_id, option_index, option_text) VALUES (1051, 303, 2, 'Pagination using page numbers');
INSERT INTO options (id, question_id, option_index, option_text) VALUES (1052, 303, 3, 'Pagination using LIMIT only');
INSERT INTO questions (id, external_id, subtopic_id, question, question_type, correct_answer, correct_index, explanation, learn) VALUES (304, 'rpf_007', 17, 'Which field is best for cursor pagination?', 'multiple_choice', 'Monotonically increasing indexed field', 2, 'Ensures stable ordering.', NULL);
INSERT INTO options (id, question_id, option_index, option_text) VALUES (1053, 304, 0, 'Non-unique string');
INSERT INTO options (id, question_id, option_index, option_text) VALUES (1054, 304, 1, 'Random UUID');
INSERT INTO options (id, question_id, option_index, option_text) VALUES (1055, 304, 2, 'Monotonically increasing indexed field');
INSERT INTO options (id, question_id, option_index, option_text) VALUES (1056, 304, 3, 'Unindexed column');
INSERT INTO questions (id, external_id, subtopic_id, question, question_type, correct_answer, correct_index, explanation, learn) VALUES (305, 'rpf_008', 17, 'How should filtering typically be implemented in REST APIs?', 'multiple_choice', 'As query parameters', 2, 'Standard REST practice.', NULL);
INSERT INTO options (id, question_id, option_index, option_text) VALUES (1057, 305, 0, 'In request headers');
INSERT INTO options (id, question_id, option_index, option_text) VALUES (1058, 305, 1, 'In request body for GET');
INSERT INTO options (id, question_id, option_index, option_text) VALUES (1059, 305, 2, 'As query parameters');
INSERT INTO options (id, question_id, option_index, option_text) VALUES (1060, 305, 3, 'In cookies');
INSERT INTO questions (id, external_id, subtopic_id, question, question_type, correct_answer, correct_index, explanation, learn) VALUES (306, 'rpf_009', 17, 'Why is server-side filtering preferred over client-side filtering?', 'multiple_choice', 'Reduces network and processing load', 1, 'Avoids sending unnecessary data.', NULL);
INSERT INTO options (id, question_id, option_index, option_text) VALUES (1061, 306, 0, 'Easier UI');
INSERT INTO options (id, question_id, option_index, option_text) VALUES (1062, 306, 1, 'Reduces network and processing load');
INSERT INTO options (id, question_id, option_index, option_text) VALUES (1063, 306, 2, 'Simplifies authentication');
INSERT INTO options (id, question_id, option_index, option_text) VALUES (1064, 306, 3, 'Improves encryption');
INSERT INTO questions (id, external_id, subtopic_id, question, question_type, correct_answer, correct_index, explanation, learn) VALUES (307, 'rpf_010', 17, 'What is a risk of allowing arbitrary filtering fields?', 'multiple_choice', 'All of the above', 3, 'Needs validation and indexing.', NULL);
INSERT INTO options (id, question_id, option_index, option_text) VALUES (1065, 307, 0, 'SQL injection');
INSERT INTO options (id, question_id, option_index, option_text) VALUES (1066, 307, 1, 'Poor query performance');
INSERT INTO options (id, question_id, option_index, option_text) VALUES (1067, 307, 2, 'Inconsistent API behavior');
INSERT INTO options (id, question_id, option_index, option_text) VALUES (1068, 307, 3, 'All of the above');
INSERT INTO questions (id, external_id, subtopic_id, question, question_type, correct_answer, correct_index, explanation, learn) VALUES (308, 'rpf_011', 17, 'How should sorting typically be specified?', 'multiple_choice', 'Using a sort query parameter', 2, 'e.g. ?sort=created_at.', NULL);
INSERT INTO options (id, question_id, option_index, option_text) VALUES (1069, 308, 0, 'In headers');
INSERT INTO options (id, question_id, option_index, option_text) VALUES (1070, 308, 1, 'In path parameters');
INSERT INTO options (id, question_id, option_index, option_text) VALUES (1071, 308, 2, 'Using a sort query parameter');
INSERT INTO options (id, question_id, option_index, option_text) VALUES (1072, 308, 3, 'In cookies');
INSERT INTO questions (id, external_id, subtopic_id, question, question_type, correct_answer, correct_index, explanation, learn) VALUES (309, 'rpf_012', 17, 'How can descending sort be represented?', 'multiple_choice', 'sort=-created_at', 1, 'Common convention.', NULL);
INSERT INTO options (id, question_id, option_index, option_text) VALUES (1073, 309, 0, 'sort=desc');
INSERT INTO options (id, question_id, option_index, option_text) VALUES (1074, 309, 1, 'sort=-created_at');
INSERT INTO options (id, question_id, option_index, option_text) VALUES (1075, 309, 2, 'sort=created_at:down');
INSERT INTO options (id, question_id, option_index, option_text) VALUES (1076, 309, 3, 'sort=!created_at');
INSERT INTO questions (id, external_id, subtopic_id, question, question_type, correct_answer, correct_index, explanation, learn) VALUES (310, 'rpf_013', 17, 'Why must pagination ordering be deterministic?', 'multiple_choice', 'To ensure consistent paging', 1, 'Prevents duplicates or gaps.', NULL);
INSERT INTO options (id, question_id, option_index, option_text) VALUES (1077, 310, 0, 'To improve UI');
INSERT INTO options (id, question_id, option_index, option_text) VALUES (1078, 310, 1, 'To ensure consistent paging');
INSERT INTO options (id, question_id, option_index, option_text) VALUES (1079, 310, 2, 'To reduce memory');
INSERT INTO options (id, question_id, option_index, option_text) VALUES (1080, 310, 3, 'To simplify auth');
INSERT INTO questions (id, external_id, subtopic_id, question, question_type, correct_answer, correct_index, explanation, learn) VALUES (311, 'rpf_014', 17, 'What should an API return for paginated responses?', 'multiple_choice', 'Items and pagination metadata', 1, 'Clients need navigation info.', NULL);
INSERT INTO options (id, question_id, option_index, option_text) VALUES (1081, 311, 0, 'Only items');
INSERT INTO options (id, question_id, option_index, option_text) VALUES (1082, 311, 1, 'Items and pagination metadata');
INSERT INTO options (id, question_id, option_index, option_text) VALUES (1083, 311, 2, 'Only next cursor');
INSERT INTO options (id, question_id, option_index, option_text) VALUES (1084, 311, 3, 'Only total count');
INSERT INTO questions (id, external_id, subtopic_id, question, question_type, correct_answer, correct_index, explanation, learn) VALUES (312, 'rpf_015', 17, 'Why is total count sometimes avoided in large datasets?', 'multiple_choice', 'It is expensive to compute', 1, 'COUNT(*) can be slow.', NULL);
INSERT INTO options (id, question_id, option_index, option_text) VALUES (1085, 312, 0, 'Security reasons');
INSERT INTO options (id, question_id, option_index, option_text) VALUES (1086, 312, 1, 'It is expensive to compute');
INSERT INTO options (id, question_id, option_index, option_text) VALUES (1087, 312, 2, 'It breaks caching');
INSERT INTO options (id, question_id, option_index, option_text) VALUES (1088, 312, 3, 'It increases latency for writes');
INSERT INTO questions (id, external_id, subtopic_id, question, question_type, correct_answer, correct_index, explanation, learn) VALUES (313, 'rpf_016', 17, 'What is a common pagination metadata field?', 'multiple_choice', 'next_cursor', 0, 'Used for cursor-based paging.', NULL);
INSERT INTO options (id, question_id, option_index, option_text) VALUES (1089, 313, 0, 'next_cursor');
INSERT INTO options (id, question_id, option_index, option_text) VALUES (1090, 313, 1, 'request_id');
INSERT INTO options (id, question_id, option_index, option_text) VALUES (1091, 313, 2, 'auth_token');
INSERT INTO options (id, question_id, option_index, option_text) VALUES (1092, 313, 3, 'content_type');
INSERT INTO questions (id, external_id, subtopic_id, question, question_type, correct_answer, correct_index, explanation, learn) VALUES (314, 'rpf_017', 17, 'What happens if sorting is not indexed?', 'multiple_choice', 'Slower queries', 1, 'DB must sort large result sets.', NULL);
INSERT INTO options (id, question_id, option_index, option_text) VALUES (1093, 314, 0, 'Faster queries');
INSERT INTO options (id, question_id, option_index, option_text) VALUES (1094, 314, 1, 'Slower queries');
INSERT INTO options (id, question_id, option_index, option_text) VALUES (1095, 314, 2, 'No effect');
INSERT INTO options (id, question_id, option_index, option_text) VALUES (1096, 314, 3, 'Broken pagination');
INSERT INTO questions (id, external_id, subtopic_id, question, question_type, correct_answer, correct_index, explanation, learn) VALUES (315, 'rpf_018', 17, 'What is a best practice for filtering by multiple values?', 'multiple_choice', 'Multiple query params with same name', 1, 'e.g. status=active&status=pending.', NULL);
INSERT INTO options (id, question_id, option_index, option_text) VALUES (1097, 315, 0, 'Comma-separated query params');
INSERT INTO options (id, question_id, option_index, option_text) VALUES (1098, 315, 1, 'Multiple query params with same name');
INSERT INTO options (id, question_id, option_index, option_text) VALUES (1099, 315, 2, 'JSON body in GET');
INSERT INTO options (id, question_id, option_index, option_text) VALUES (1100, 315, 3, 'Cookies');
INSERT INTO questions (id, external_id, subtopic_id, question, question_type, correct_answer, correct_index, explanation, learn) VALUES (316, 'rpf_019', 17, 'Why should APIs validate filter and sort fields?', 'multiple_choice', 'To prevent expensive queries', 1, 'Prevents abuse and poor performance.', NULL);
INSERT INTO options (id, question_id, option_index, option_text) VALUES (1101, 316, 0, 'To improve UI');
INSERT INTO options (id, question_id, option_index, option_text) VALUES (1102, 316, 1, 'To prevent expensive queries');
INSERT INTO options (id, question_id, option_index, option_text) VALUES (1103, 316, 2, 'To reduce memory');
INSERT INTO options (id, question_id, option_index, option_text) VALUES (1104, 316, 3, 'To simplify auth');
INSERT INTO questions (id, external_id, subtopic_id, question, question_type, correct_answer, correct_index, explanation, learn) VALUES (317, 'rpf_020', 17, 'What is a benefit of opaque cursors?', 'multiple_choice', 'Hides internal implementation', 1, 'Prevents coupling clients to DB fields.', NULL);
INSERT INTO options (id, question_id, option_index, option_text) VALUES (1105, 317, 0, 'Easier debugging');
INSERT INTO options (id, question_id, option_index, option_text) VALUES (1106, 317, 1, 'Hides internal implementation');
INSERT INTO options (id, question_id, option_index, option_text) VALUES (1107, 317, 2, 'Smaller payloads');
INSERT INTO options (id, question_id, option_index, option_text) VALUES (1108, 317, 3, 'Faster writes');
INSERT INTO questions (id, external_id, subtopic_id, question, question_type, correct_answer, correct_index, explanation, learn) VALUES (318, 'rrl_001', 18, 'What is the main purpose of rate limiting?', 'multiple_choice', 'Prevent abuse and protect system resources', 1, 'Protects system from overload.', NULL);
INSERT INTO options (id, question_id, option_index, option_text) VALUES (1109, 318, 0, 'Encrypt traffic');
INSERT INTO options (id, question_id, option_index, option_text) VALUES (1110, 318, 1, 'Prevent abuse and protect system resources');
INSERT INTO options (id, question_id, option_index, option_text) VALUES (1111, 318, 2, 'Improve UI performance');
INSERT INTO options (id, question_id, option_index, option_text) VALUES (1112, 318, 3, 'Reduce database size');
INSERT INTO questions (id, external_id, subtopic_id, question, question_type, correct_answer, correct_index, explanation, learn) VALUES (319, 'rrl_002', 18, 'What is a common unit for rate limiting?', 'multiple_choice', 'Requests per second/minute', 0, 'Limits request frequency.', NULL);
INSERT INTO options (id, question_id, option_index, option_text) VALUES (1113, 319, 0, 'Requests per second/minute');
INSERT INTO options (id, question_id, option_index, option_text) VALUES (1114, 319, 1, 'Bytes per second');
INSERT INTO options (id, question_id, option_index, option_text) VALUES (1115, 319, 2, 'CPU usage');
INSERT INTO options (id, question_id, option_index, option_text) VALUES (1116, 319, 3, 'Memory usage');
INSERT INTO questions (id, external_id, subtopic_id, question, question_type, correct_answer, correct_index, explanation, learn) VALUES (320, 'rrl_003', 18, 'What algorithm is commonly used for rate limiting?', 'multiple_choice', 'Token bucket', 1, 'Common rate limiting algorithm.', NULL);
INSERT INTO options (id, question_id, option_index, option_text) VALUES (1117, 320, 0, 'Binary search');
INSERT INTO options (id, question_id, option_index, option_text) VALUES (1118, 320, 1, 'Token bucket');
INSERT INTO options (id, question_id, option_index, option_text) VALUES (1119, 320, 2, 'Merge sort');
INSERT INTO options (id, question_id, option_index, option_text) VALUES (1120, 320, 3, 'Dijkstra');
INSERT INTO questions (id, external_id, subtopic_id, question, question_type, correct_answer, correct_index, explanation, learn) VALUES (321, 'rrl_004', 18, 'What does a token bucket allow?', 'multiple_choice', 'Bursts up to bucket size', 1, 'Allows short bursts.', NULL);
INSERT INTO options (id, question_id, option_index, option_text) VALUES (1121, 321, 0, 'Fixed request spacing');
INSERT INTO options (id, question_id, option_index, option_text) VALUES (1122, 321, 1, 'Bursts up to bucket size');
INSERT INTO options (id, question_id, option_index, option_text) VALUES (1123, 321, 2, 'Only one request at a time');
INSERT INTO options (id, question_id, option_index, option_text) VALUES (1124, 321, 3, 'Unlimited requests');
INSERT INTO questions (id, external_id, subtopic_id, question, question_type, correct_answer, correct_index, explanation, learn) VALUES (322, 'rrl_005', 18, 'What is the leaky bucket algorithm?', 'multiple_choice', 'Processes requests at a constant rate', 1, 'Smooths traffic.', 'The leaky bucket algorithm is a popular technique used for rate limiting, often in network traffic management or API request handling. You can visualize it as a bucket with a small, constant hole at the bottom. Incoming data packets or requests are like water being poured into this bucket.

The "water" then drips out of the hole at a steady, predetermined rate. This outflow represents the consistent speed at which requests are actually processed or forwarded. The bucket has a finite capacity, meaning it can only hold a certain amount of "water" at any given time.

If incoming requests arrive faster than they can drip out, the bucket will fill up. Once full, any additional incoming requests "overflow" and are typically discarded or delayed. This mechanism ensures that traffic is smoothed out, allowing for short bursts up to the bucket''s capacity while maintaining a stable, long-term processing average.');
INSERT INTO options (id, question_id, option_index, option_text) VALUES (1125, 322, 0, 'Allows bursts only');
INSERT INTO options (id, question_id, option_index, option_text) VALUES (1126, 322, 1, 'Processes requests at a constant rate');
INSERT INTO options (id, question_id, option_index, option_text) VALUES (1127, 322, 2, 'Rejects all requests');
INSERT INTO options (id, question_id, option_index, option_text) VALUES (1128, 322, 3, 'Caches responses');
INSERT INTO questions (id, external_id, subtopic_id, question, question_type, correct_answer, correct_index, explanation, learn) VALUES (323, 'rrl_006', 18, 'What HTTP status code is typically returned when rate limited?', 'multiple_choice', '429', 3, 'Too Many Requests.', NULL);
INSERT INTO options (id, question_id, option_index, option_text) VALUES (1129, 323, 0, '400');
INSERT INTO options (id, question_id, option_index, option_text) VALUES (1130, 323, 1, '401');
INSERT INTO options (id, question_id, option_index, option_text) VALUES (1131, 323, 2, '403');
INSERT INTO options (id, question_id, option_index, option_text) VALUES (1132, 323, 3, '429');
INSERT INTO questions (id, external_id, subtopic_id, question, question_type, correct_answer, correct_index, explanation, learn) VALUES (324, 'rrl_007', 18, 'What header often indicates when to retry?', 'multiple_choice', 'Retry-After', 0, 'Tells client when to retry.', NULL);
INSERT INTO options (id, question_id, option_index, option_text) VALUES (1133, 324, 0, 'Retry-After');
INSERT INTO options (id, question_id, option_index, option_text) VALUES (1134, 324, 1, 'Cache-Control');
INSERT INTO options (id, question_id, option_index, option_text) VALUES (1135, 324, 2, 'ETag');
INSERT INTO options (id, question_id, option_index, option_text) VALUES (1136, 324, 3, 'Authorization');
INSERT INTO questions (id, external_id, subtopic_id, question, question_type, correct_answer, correct_index, explanation, learn) VALUES (325, 'rrl_008', 18, 'What is per-user rate limiting?', 'multiple_choice', 'Limiting per authenticated user', 1, 'Fair usage per user.', NULL);
INSERT INTO options (id, question_id, option_index, option_text) VALUES (1137, 325, 0, 'Limiting by IP only');
INSERT INTO options (id, question_id, option_index, option_text) VALUES (1138, 325, 1, 'Limiting per authenticated user');
INSERT INTO options (id, question_id, option_index, option_text) VALUES (1139, 325, 2, 'Limiting per endpoint');
INSERT INTO options (id, question_id, option_index, option_text) VALUES (1140, 325, 3, 'Limiting per server');
INSERT INTO questions (id, external_id, subtopic_id, question, question_type, correct_answer, correct_index, explanation, learn) VALUES (326, 'rrl_009', 18, 'Why is IP-based rate limiting unreliable alone?', 'multiple_choice', 'IPs change and can be shared', 0, 'NAT, proxies, mobile networks.', NULL);
INSERT INTO options (id, question_id, option_index, option_text) VALUES (1141, 326, 0, 'IPs change and can be shared');
INSERT INTO options (id, question_id, option_index, option_text) VALUES (1142, 326, 1, 'IPs are encrypted');
INSERT INTO options (id, question_id, option_index, option_text) VALUES (1143, 326, 2, 'IPs are slow');
INSERT INTO options (id, question_id, option_index, option_text) VALUES (1144, 326, 3, 'IPs are cached');
INSERT INTO questions (id, external_id, subtopic_id, question, question_type, correct_answer, correct_index, explanation, learn) VALUES (327, 'rrl_010', 18, 'What is a distributed rate limiter?', 'multiple_choice', 'Uses shared state across servers', 1, 'Needed for horizontally scaled systems.', NULL);
INSERT INTO options (id, question_id, option_index, option_text) VALUES (1145, 327, 0, 'Runs on one server');
INSERT INTO options (id, question_id, option_index, option_text) VALUES (1146, 327, 1, 'Uses shared state across servers');
INSERT INTO options (id, question_id, option_index, option_text) VALUES (1147, 327, 2, 'Runs only in browser');
INSERT INTO options (id, question_id, option_index, option_text) VALUES (1148, 327, 3, 'Uses cookies');
INSERT INTO questions (id, external_id, subtopic_id, question, question_type, correct_answer, correct_index, explanation, learn) VALUES (328, 'rrl_011', 18, 'What storage is commonly used for distributed rate limiting?', 'multiple_choice', 'Redis', 1, 'Fast shared store.', 'When implementing distributed rate limiting, the primary challenge is ensuring that all instances of your application share a common view of the request count for a given user or resource. This requires a centralized storage solution that is accessible by every server in your distributed system. Local memory, for example, would only track requests for a single server, making it ineffective for coordinating limits across multiple servers.

Therefore, an external, highly performant data store is essential. Such a store needs to support fast read/write operations and ideally provide atomic commands, which means operations complete entirely without interruption, preventing race conditions. This allows multiple application instances to increment counters or check timestamps reliably and concurrently against a single, shared source of truth.');
INSERT INTO options (id, question_id, option_index, option_text) VALUES (1149, 328, 0, 'Local memory');
INSERT INTO options (id, question_id, option_index, option_text) VALUES (1150, 328, 1, 'Redis');
INSERT INTO options (id, question_id, option_index, option_text) VALUES (1151, 328, 2, 'Browser cache');
INSERT INTO options (id, question_id, option_index, option_text) VALUES (1152, 328, 3, 'Filesystem');
INSERT INTO questions (id, external_id, subtopic_id, question, question_type, correct_answer, correct_index, explanation, learn) VALUES (329, 'rrl_012', 18, 'What is a sliding window rate limiter?', 'multiple_choice', 'Window that moves with time', 1, 'More accurate than fixed window.', NULL);
INSERT INTO options (id, question_id, option_index, option_text) VALUES (1153, 329, 0, 'Fixed time window');
INSERT INTO options (id, question_id, option_index, option_text) VALUES (1154, 329, 1, 'Window that moves with time');
INSERT INTO options (id, question_id, option_index, option_text) VALUES (1155, 329, 2, 'Unlimited window');
INSERT INTO options (id, question_id, option_index, option_text) VALUES (1156, 329, 3, 'Per-request window');
INSERT INTO questions (id, external_id, subtopic_id, question, question_type, correct_answer, correct_index, explanation, learn) VALUES (330, 'rrl_013', 18, 'What problem can fixed window rate limiting cause?', 'multiple_choice', 'Bursty traffic at window boundaries', 1, 'Clients can double dip.', NULL);
INSERT INTO options (id, question_id, option_index, option_text) VALUES (1157, 330, 0, 'Authentication failures');
INSERT INTO options (id, question_id, option_index, option_text) VALUES (1158, 330, 1, 'Bursty traffic at window boundaries');
INSERT INTO options (id, question_id, option_index, option_text) VALUES (1159, 330, 2, 'Data loss');
INSERT INTO options (id, question_id, option_index, option_text) VALUES (1160, 330, 3, 'Cache invalidation');
INSERT INTO questions (id, external_id, subtopic_id, question, question_type, correct_answer, correct_index, explanation, learn) VALUES (331, 'rrl_014', 18, 'What is soft rate limiting?', 'multiple_choice', 'Slowing responses instead of blocking', 2, 'Throttling instead of rejecting.', NULL);
INSERT INTO options (id, question_id, option_index, option_text) VALUES (1161, 331, 0, 'Blocking immediately');
INSERT INTO options (id, question_id, option_index, option_text) VALUES (1162, 331, 1, 'Logging but not blocking');
INSERT INTO options (id, question_id, option_index, option_text) VALUES (1163, 331, 2, 'Slowing responses instead of blocking');
INSERT INTO options (id, question_id, option_index, option_text) VALUES (1164, 331, 3, 'Disabling authentication');
INSERT INTO questions (id, external_id, subtopic_id, question, question_type, correct_answer, correct_index, explanation, learn) VALUES (332, 'rrl_015', 18, 'Why rate limit by API key?', 'multiple_choice', 'Better attribution and fairness', 1, 'Per-client quotas.', NULL);
INSERT INTO options (id, question_id, option_index, option_text) VALUES (1165, 332, 0, 'Easier UI');
INSERT INTO options (id, question_id, option_index, option_text) VALUES (1166, 332, 1, 'Better attribution and fairness');
INSERT INTO options (id, question_id, option_index, option_text) VALUES (1167, 332, 2, 'Smaller payloads');
INSERT INTO options (id, question_id, option_index, option_text) VALUES (1168, 332, 3, 'Faster responses');
INSERT INTO questions (id, external_id, subtopic_id, question, question_type, correct_answer, correct_index, explanation, learn) VALUES (333, 'rrl_016', 18, 'What is global rate limiting?', 'multiple_choice', 'Limit across entire system', 2, 'Protects total capacity.', NULL);
INSERT INTO options (id, question_id, option_index, option_text) VALUES (1169, 333, 0, 'Per user');
INSERT INTO options (id, question_id, option_index, option_text) VALUES (1170, 333, 1, 'Per IP');
INSERT INTO options (id, question_id, option_index, option_text) VALUES (1171, 333, 2, 'Limit across entire system');
INSERT INTO options (id, question_id, option_index, option_text) VALUES (1172, 333, 3, 'Per endpoint only');
INSERT INTO questions (id, external_id, subtopic_id, question, question_type, correct_answer, correct_index, explanation, learn) VALUES (334, 'rrl_017', 18, 'What should clients do when receiving 429?', 'multiple_choice', 'Respect Retry-After and back off', 2, 'Prevents hammering.', NULL);
INSERT INTO options (id, question_id, option_index, option_text) VALUES (1173, 334, 0, 'Retry immediately');
INSERT INTO options (id, question_id, option_index, option_text) VALUES (1174, 334, 1, 'Stop forever');
INSERT INTO options (id, question_id, option_index, option_text) VALUES (1175, 334, 2, 'Respect Retry-After and back off');
INSERT INTO options (id, question_id, option_index, option_text) VALUES (1176, 334, 3, 'Switch IP');
INSERT INTO questions (id, external_id, subtopic_id, question, question_type, correct_answer, correct_index, explanation, learn) VALUES (335, 'rrl_018', 18, 'What is quota-based limiting?', 'multiple_choice', 'Requests per day/month', 1, 'Subscription plans.', NULL);
INSERT INTO options (id, question_id, option_index, option_text) VALUES (1177, 335, 0, 'Requests per second');
INSERT INTO options (id, question_id, option_index, option_text) VALUES (1178, 335, 1, 'Requests per day/month');
INSERT INTO options (id, question_id, option_index, option_text) VALUES (1179, 335, 2, 'Requests per server');
INSERT INTO options (id, question_id, option_index, option_text) VALUES (1180, 335, 3, 'Requests per endpoint');
INSERT INTO questions (id, external_id, subtopic_id, question, question_type, correct_answer, correct_index, explanation, learn) VALUES (336, 'rrl_019', 18, 'Why is rate limiting important for public APIs?', 'multiple_choice', 'Prevent abuse and control costs', 1, 'Protects infrastructure.', NULL);
INSERT INTO options (id, question_id, option_index, option_text) VALUES (1181, 336, 0, 'UI design');
INSERT INTO options (id, question_id, option_index, option_text) VALUES (1182, 336, 1, 'Prevent abuse and control costs');
INSERT INTO options (id, question_id, option_index, option_text) VALUES (1183, 336, 2, 'Improve encryption');
INSERT INTO options (id, question_id, option_index, option_text) VALUES (1184, 336, 3, 'Simplify pagination');
INSERT INTO questions (id, external_id, subtopic_id, question, question_type, correct_answer, correct_index, explanation, learn) VALUES (337, 'rrl_020', 18, 'What is a common mistake with rate limiting?', 'multiple_choice', 'Not returning useful error info', 1, 'Clients need retry guidance.', NULL);
INSERT INTO options (id, question_id, option_index, option_text) VALUES (1185, 337, 0, 'Using Redis');
INSERT INTO options (id, question_id, option_index, option_text) VALUES (1186, 337, 1, 'Not returning useful error info');
INSERT INTO options (id, question_id, option_index, option_text) VALUES (1187, 337, 2, 'Setting limits too high');
INSERT INTO options (id, question_id, option_index, option_text) VALUES (1188, 337, 3, 'Using headers');
INSERT INTO questions (id, external_id, subtopic_id, question, question_type, correct_answer, correct_index, explanation, learn) VALUES (338, 'rr_001', 19, 'Which URL design best represents a collection of orders for a specific user?', 'multiple_choice', '/users/123/orders', 1, 'Nested resources express ownership and relationships clearly.', NULL);
INSERT INTO options (id, question_id, option_index, option_text) VALUES (1189, 338, 0, '/getUserOrders?userId=123');
INSERT INTO options (id, question_id, option_index, option_text) VALUES (1190, 338, 1, '/users/123/orders');
INSERT INTO options (id, question_id, option_index, option_text) VALUES (1191, 338, 2, '/orders?user=123');
INSERT INTO options (id, question_id, option_index, option_text) VALUES (1192, 338, 3, '/orders/forUser/123');
INSERT INTO questions (id, external_id, subtopic_id, question, question_type, correct_answer, correct_index, explanation, learn) VALUES (339, 'rr_002', 19, 'Which is the best practice for naming REST resources?', 'multiple_choice', 'Use plural nouns', 1, 'REST resources are typically plural nouns representing collections.', NULL);
INSERT INTO options (id, question_id, option_index, option_text) VALUES (1193, 339, 0, 'Use verbs');
INSERT INTO options (id, question_id, option_index, option_text) VALUES (1194, 339, 1, 'Use plural nouns');
INSERT INTO options (id, question_id, option_index, option_text) VALUES (1195, 339, 2, 'Use singular nouns');
INSERT INTO options (id, question_id, option_index, option_text) VALUES (1196, 339, 3, 'Use snake_case');
INSERT INTO questions (id, external_id, subtopic_id, question, question_type, correct_answer, correct_index, explanation, learn) VALUES (340, 'rr_003', 19, 'Where should filtering parameters be placed?', 'multiple_choice', 'Query parameters', 2, 'Filters belong in query parameters.', NULL);
INSERT INTO options (id, question_id, option_index, option_text) VALUES (1197, 340, 0, 'Request body');
INSERT INTO options (id, question_id, option_index, option_text) VALUES (1198, 340, 1, 'Path parameters');
INSERT INTO options (id, question_id, option_index, option_text) VALUES (1199, 340, 2, 'Query parameters');
INSERT INTO options (id, question_id, option_index, option_text) VALUES (1200, 340, 3, 'Headers');
INSERT INTO questions (id, external_id, subtopic_id, question, question_type, correct_answer, correct_index, explanation, learn) VALUES (341, 'rr_004', 19, 'How should validation errors typically be returned?', 'multiple_choice', 'As a structured JSON error object', 1, 'Structured error objects allow clients to handle errors programmatically.', NULL);
INSERT INTO options (id, question_id, option_index, option_text) VALUES (1201, 341, 0, 'As plain text');
INSERT INTO options (id, question_id, option_index, option_text) VALUES (1202, 341, 1, 'As a structured JSON error object');
INSERT INTO options (id, question_id, option_index, option_text) VALUES (1203, 341, 2, 'As HTML');
INSERT INTO options (id, question_id, option_index, option_text) VALUES (1204, 341, 3, 'As query parameters');
INSERT INTO questions (id, external_id, subtopic_id, question, question_type, correct_answer, correct_index, explanation, learn) VALUES (342, 'rr_005', 19, 'Which response format best supports backward compatibility?', 'multiple_choice', 'Adding new optional fields', 2, 'Adding optional fields is generally backward compatible.', NULL);
INSERT INTO options (id, question_id, option_index, option_text) VALUES (1205, 342, 0, 'Changing field meanings');
INSERT INTO options (id, question_id, option_index, option_text) VALUES (1206, 342, 1, 'Removing fields');
INSERT INTO options (id, question_id, option_index, option_text) VALUES (1207, 342, 2, 'Adding new optional fields');
INSERT INTO options (id, question_id, option_index, option_text) VALUES (1208, 342, 3, 'Renaming fields');
INSERT INTO questions (id, external_id, subtopic_id, question, question_type, correct_answer, correct_index, explanation, learn) VALUES (343, 'rr_006', 19, 'Which approach is best for returning large lists of resources?', 'multiple_choice', 'Use pagination', 1, 'Pagination avoids large payloads and improves performance.', NULL);
INSERT INTO options (id, question_id, option_index, option_text) VALUES (1209, 343, 0, 'Return all results');
INSERT INTO options (id, question_id, option_index, option_text) VALUES (1210, 343, 1, 'Use pagination');
INSERT INTO options (id, question_id, option_index, option_text) VALUES (1211, 343, 2, 'Use cookies');
INSERT INTO options (id, question_id, option_index, option_text) VALUES (1212, 343, 3, 'Use headers only');
INSERT INTO questions (id, external_id, subtopic_id, question, question_type, correct_answer, correct_index, explanation, learn) VALUES (344, 'rr_007', 19, 'How should related resources be represented?', 'multiple_choice', 'As IDs with optional embedded expansions', 1, 'Referencing by ID with optional includes balances payload size and flexibility.', NULL);
INSERT INTO options (id, question_id, option_index, option_text) VALUES (1213, 344, 0, 'As deeply nested objects only');
INSERT INTO options (id, question_id, option_index, option_text) VALUES (1214, 344, 1, 'As IDs with optional embedded expansions');
INSERT INTO options (id, question_id, option_index, option_text) VALUES (1215, 344, 2, 'Only as query strings');
INSERT INTO options (id, question_id, option_index, option_text) VALUES (1216, 344, 3, 'Only as separate endpoints');
INSERT INTO questions (id, external_id, subtopic_id, question, question_type, correct_answer, correct_index, explanation, learn) VALUES (345, 'rr_008', 19, 'Which is the best practice for consistent error responses?', 'multiple_choice', 'Use a standard error schema', 1, 'A consistent schema simplifies client-side error handling.', NULL);
INSERT INTO options (id, question_id, option_index, option_text) VALUES (1217, 345, 0, 'Return different formats per endpoint');
INSERT INTO options (id, question_id, option_index, option_text) VALUES (1218, 345, 1, 'Use a standard error schema');
INSERT INTO options (id, question_id, option_index, option_text) VALUES (1219, 345, 2, 'Return stack traces');
INSERT INTO options (id, question_id, option_index, option_text) VALUES (1220, 345, 3, 'Return plain text');
INSERT INTO questions (id, external_id, subtopic_id, question, question_type, correct_answer, correct_index, explanation, learn) VALUES (346, 'rr_009', 19, 'Where should API versioning ideally be represented?', 'multiple_choice', 'In the URL or headers', 2, 'URL or header-based versioning is standard practice.', NULL);
INSERT INTO options (id, question_id, option_index, option_text) VALUES (1221, 346, 0, 'In the request body');
INSERT INTO options (id, question_id, option_index, option_text) VALUES (1222, 346, 1, 'In query parameters');
INSERT INTO options (id, question_id, option_index, option_text) VALUES (1223, 346, 2, 'In the URL or headers');
INSERT INTO options (id, question_id, option_index, option_text) VALUES (1224, 346, 3, 'In cookies');
INSERT INTO questions (id, external_id, subtopic_id, question, question_type, correct_answer, correct_index, explanation, learn) VALUES (347, 'rr_010', 19, 'What is the best way to represent optional fields in JSON responses?', 'multiple_choice', 'Omit when not present', 1, 'Omitting optional fields reduces ambiguity and payload size.', NULL);
INSERT INTO options (id, question_id, option_index, option_text) VALUES (1225, 347, 0, 'Always include with null');
INSERT INTO options (id, question_id, option_index, option_text) VALUES (1226, 347, 1, 'Omit when not present');
INSERT INTO options (id, question_id, option_index, option_text) VALUES (1227, 347, 2, 'Use empty strings');
INSERT INTO options (id, question_id, option_index, option_text) VALUES (1228, 347, 3, 'Use zero values');
INSERT INTO questions (id, external_id, subtopic_id, question, question_type, correct_answer, correct_index, explanation, learn) VALUES (348, 'rr_011', 19, 'How should boolean flags be represented in JSON?', 'multiple_choice', 'As true/false booleans', 2, 'Native JSON booleans are preferred.', NULL);
INSERT INTO options (id, question_id, option_index, option_text) VALUES (1229, 348, 0, 'As strings');
INSERT INTO options (id, question_id, option_index, option_text) VALUES (1230, 348, 1, 'As integers');
INSERT INTO options (id, question_id, option_index, option_text) VALUES (1231, 348, 2, 'As true/false booleans');
INSERT INTO options (id, question_id, option_index, option_text) VALUES (1232, 348, 3, 'As "yes"/"no"');
INSERT INTO questions (id, external_id, subtopic_id, question, question_type, correct_answer, correct_index, explanation, learn) VALUES (349, 'rr_012', 19, 'Which is the best way to handle breaking changes?', 'multiple_choice', 'Introduce a new API version', 2, 'Breaking changes should be isolated via versioning.', NULL);
INSERT INTO options (id, question_id, option_index, option_text) VALUES (1233, 349, 0, 'Change existing endpoints silently');
INSERT INTO options (id, question_id, option_index, option_text) VALUES (1234, 349, 1, 'Remove fields immediately');
INSERT INTO options (id, question_id, option_index, option_text) VALUES (1235, 349, 2, 'Introduce a new API version');
INSERT INTO options (id, question_id, option_index, option_text) VALUES (1236, 349, 3, 'Ignore backward compatibility');
INSERT INTO questions (id, external_id, subtopic_id, question, question_type, correct_answer, correct_index, explanation, learn) VALUES (350, 'rr_013', 19, 'Which field is best for representing timestamps?', 'multiple_choice', 'ISO 8601 string', 2, 'ISO 8601 is human-readable and widely supported.', NULL);
INSERT INTO options (id, question_id, option_index, option_text) VALUES (1237, 350, 0, 'Localized string');
INSERT INTO options (id, question_id, option_index, option_text) VALUES (1238, 350, 1, 'Unix timestamp');
INSERT INTO options (id, question_id, option_index, option_text) VALUES (1239, 350, 2, 'ISO 8601 string');
INSERT INTO options (id, question_id, option_index, option_text) VALUES (1240, 350, 3, 'Custom format');
INSERT INTO questions (id, external_id, subtopic_id, question, question_type, correct_answer, correct_index, explanation, learn) VALUES (351, 'rr_014', 19, 'How should empty result sets be returned?', 'multiple_choice', 'Empty array with 200 OK', 2, 'Empty collections should be returned as empty arrays.', NULL);
INSERT INTO options (id, question_id, option_index, option_text) VALUES (1241, 351, 0, 'Return null');
INSERT INTO options (id, question_id, option_index, option_text) VALUES (1242, 351, 1, '404 Not Found');
INSERT INTO options (id, question_id, option_index, option_text) VALUES (1243, 351, 2, 'Empty array with 200 OK');
INSERT INTO options (id, question_id, option_index, option_text) VALUES (1244, 351, 3, '204 No Content');
INSERT INTO questions (id, external_id, subtopic_id, question, question_type, correct_answer, correct_index, explanation, learn) VALUES (352, 'rr_015', 19, 'Which pattern best supports partial responses?', 'multiple_choice', 'Field masks', 0, 'Field masks allow clients to request only needed fields.', NULL);
INSERT INTO options (id, question_id, option_index, option_text) VALUES (1245, 352, 0, 'Field masks');
INSERT INTO options (id, question_id, option_index, option_text) VALUES (1246, 352, 1, 'Multiple endpoints');
INSERT INTO options (id, question_id, option_index, option_text) VALUES (1247, 352, 2, 'Headers only');
INSERT INTO options (id, question_id, option_index, option_text) VALUES (1248, 352, 3, 'Cookies');
INSERT INTO questions (id, external_id, subtopic_id, question, question_type, correct_answer, correct_index, explanation, learn) VALUES (353, 'rr_016', 19, 'How should enum-like values be represented?', 'multiple_choice', 'As descriptive strings', 1, 'Strings are more readable and stable across versions.', NULL);
INSERT INTO options (id, question_id, option_index, option_text) VALUES (1249, 353, 0, 'As integers');
INSERT INTO options (id, question_id, option_index, option_text) VALUES (1250, 353, 1, 'As descriptive strings');
INSERT INTO options (id, question_id, option_index, option_text) VALUES (1251, 353, 2, 'As booleans');
INSERT INTO options (id, question_id, option_index, option_text) VALUES (1252, 353, 3, 'As objects');
INSERT INTO questions (id, external_id, subtopic_id, question, question_type, correct_answer, correct_index, explanation, learn) VALUES (354, 'rr_017', 19, 'Where should correlation/request IDs be placed?', 'multiple_choice', 'Headers', 2, 'Correlation IDs are typically passed via headers.', NULL);
INSERT INTO options (id, question_id, option_index, option_text) VALUES (1253, 354, 0, 'Request body');
INSERT INTO options (id, question_id, option_index, option_text) VALUES (1254, 354, 1, 'URL path');
INSERT INTO options (id, question_id, option_index, option_text) VALUES (1255, 354, 2, 'Headers');
INSERT INTO options (id, question_id, option_index, option_text) VALUES (1256, 354, 3, 'Query string');
INSERT INTO questions (id, external_id, subtopic_id, question, question_type, correct_answer, correct_index, explanation, learn) VALUES (355, 'rr_018', 19, 'Which response design best supports client retries?', 'multiple_choice', 'Idempotent semantics', 1, 'Idempotent design allows safe retries.', NULL);
INSERT INTO options (id, question_id, option_index, option_text) VALUES (1257, 355, 0, 'Non-idempotent endpoints');
INSERT INTO options (id, question_id, option_index, option_text) VALUES (1258, 355, 1, 'Idempotent semantics');
INSERT INTO options (id, question_id, option_index, option_text) VALUES (1259, 355, 2, 'Randomized IDs');
INSERT INTO options (id, question_id, option_index, option_text) VALUES (1260, 355, 3, 'Session-bound state');
INSERT INTO questions (id, external_id, subtopic_id, question, question_type, correct_answer, correct_index, explanation, learn) VALUES (356, 'rr_019', 19, 'What is the best practice for error messages?', 'multiple_choice', 'Return machine-readable codes and human-readable messages', 2, 'This supports both programmatic handling and debugging.', NULL);
INSERT INTO options (id, question_id, option_index, option_text) VALUES (1261, 356, 0, 'Expose stack traces');
INSERT INTO options (id, question_id, option_index, option_text) VALUES (1262, 356, 1, 'Return generic messages only');
INSERT INTO options (id, question_id, option_index, option_text) VALUES (1263, 356, 2, 'Return machine-readable codes and human-readable messages');
INSERT INTO options (id, question_id, option_index, option_text) VALUES (1264, 356, 3, 'Return HTML');
INSERT INTO questions (id, external_id, subtopic_id, question, question_type, correct_answer, correct_index, explanation, learn) VALUES (357, 'rr_020', 19, 'Which is the best practice for consistent naming?', 'multiple_choice', 'Use camelCase or snake_case consistently', 1, 'Consistency improves usability and reduces client bugs.', NULL);
INSERT INTO options (id, question_id, option_index, option_text) VALUES (1265, 357, 0, 'Mix camelCase and snake_case');
INSERT INTO options (id, question_id, option_index, option_text) VALUES (1266, 357, 1, 'Use camelCase or snake_case consistently');
INSERT INTO options (id, question_id, option_index, option_text) VALUES (1267, 357, 2, 'Use random styles');
INSERT INTO options (id, question_id, option_index, option_text) VALUES (1268, 357, 3, 'Use uppercase keys');
INSERT INTO questions (id, external_id, subtopic_id, question, question_type, correct_answer, correct_index, explanation, learn) VALUES (358, 'sc_001', 20, 'Which HTTP status code is most appropriate when a new resource is successfully created?', 'multiple_choice', '201 Created', 1, '201 Created indicates that a new resource was successfully created and usually includes a Location header.', NULL);
INSERT INTO options (id, question_id, option_index, option_text) VALUES (1269, 358, 0, '200 OK');
INSERT INTO options (id, question_id, option_index, option_text) VALUES (1270, 358, 1, '201 Created');
INSERT INTO options (id, question_id, option_index, option_text) VALUES (1271, 358, 2, '202 Accepted');
INSERT INTO options (id, question_id, option_index, option_text) VALUES (1272, 358, 3, '204 No Content');
INSERT INTO questions (id, external_id, subtopic_id, question, question_type, correct_answer, correct_index, explanation, learn) VALUES (359, 'sc_002', 20, 'Which status code should be returned when the client sends malformed JSON?', 'multiple_choice', '400 Bad Request', 0, '400 is appropriate for syntactically invalid or malformed requests.', NULL);
INSERT INTO options (id, question_id, option_index, option_text) VALUES (1273, 359, 0, '400 Bad Request');
INSERT INTO options (id, question_id, option_index, option_text) VALUES (1274, 359, 1, '401 Unauthorized');
INSERT INTO options (id, question_id, option_index, option_text) VALUES (1275, 359, 2, '415 Unsupported Media Type');
INSERT INTO options (id, question_id, option_index, option_text) VALUES (1276, 359, 3, '422 Unprocessable Entity');
INSERT INTO questions (id, external_id, subtopic_id, question, question_type, correct_answer, correct_index, explanation, learn) VALUES (360, 'sc_003', 20, 'When should you use 401 Unauthorized instead of 403 Forbidden?', 'multiple_choice', 'When authentication is required or has failed', 1, '401 indicates missing or invalid authentication. 403 is for authenticated users lacking permission.', NULL);
INSERT INTO options (id, question_id, option_index, option_text) VALUES (1277, 360, 0, 'When the user is authenticated but lacks permission');
INSERT INTO options (id, question_id, option_index, option_text) VALUES (1278, 360, 1, 'When authentication is required or has failed');
INSERT INTO options (id, question_id, option_index, option_text) VALUES (1279, 360, 2, 'When the resource does not exist');
INSERT INTO options (id, question_id, option_index, option_text) VALUES (1280, 360, 3, 'When the request is malformed');
INSERT INTO questions (id, external_id, subtopic_id, question, question_type, correct_answer, correct_index, explanation, learn) VALUES (361, 'sc_004', 20, 'Which status code best represents a request that is valid but cannot be processed due to semantic errors?', 'multiple_choice', '422 Unprocessable Entity', 2, '422 is commonly used when the request is syntactically valid but fails validation.', NULL);
INSERT INTO options (id, question_id, option_index, option_text) VALUES (1281, 361, 0, '400 Bad Request');
INSERT INTO options (id, question_id, option_index, option_text) VALUES (1282, 361, 1, '409 Conflict');
INSERT INTO options (id, question_id, option_index, option_text) VALUES (1283, 361, 2, '422 Unprocessable Entity');
INSERT INTO options (id, question_id, option_index, option_text) VALUES (1284, 361, 3, '500 Internal Server Error');
INSERT INTO questions (id, external_id, subtopic_id, question, question_type, correct_answer, correct_index, explanation, learn) VALUES (362, 'sc_005', 20, 'Which status code should be returned when a requested resource does not exist?', 'multiple_choice', '404 Not Found', 2, '404 indicates the server cannot find the requested resource.', NULL);
INSERT INTO options (id, question_id, option_index, option_text) VALUES (1285, 362, 0, '400 Bad Request');
INSERT INTO options (id, question_id, option_index, option_text) VALUES (1286, 362, 1, '403 Forbidden');
INSERT INTO options (id, question_id, option_index, option_text) VALUES (1287, 362, 2, '404 Not Found');
INSERT INTO options (id, question_id, option_index, option_text) VALUES (1288, 362, 3, '410 Gone');
INSERT INTO questions (id, external_id, subtopic_id, question, question_type, correct_answer, correct_index, explanation, learn) VALUES (363, 'sc_006', 20, 'Which status code indicates that the server successfully processed the request but is not returning any content?', 'multiple_choice', '204 No Content', 2, '204 indicates success with no response body.', NULL);
INSERT INTO options (id, question_id, option_index, option_text) VALUES (1289, 363, 0, '200 OK');
INSERT INTO options (id, question_id, option_index, option_text) VALUES (1290, 363, 1, '201 Created');
INSERT INTO options (id, question_id, option_index, option_text) VALUES (1291, 363, 2, '204 No Content');
INSERT INTO options (id, question_id, option_index, option_text) VALUES (1292, 363, 3, '304 Not Modified');
INSERT INTO questions (id, external_id, subtopic_id, question, question_type, correct_answer, correct_index, explanation, learn) VALUES (364, 'sc_007', 20, 'When is 409 Conflict most appropriate?', 'multiple_choice', 'When a resource version conflict occurs', 1, '409 is used when the request conflicts with the current state of the resource.', NULL);
INSERT INTO options (id, question_id, option_index, option_text) VALUES (1293, 364, 0, 'When authentication fails');
INSERT INTO options (id, question_id, option_index, option_text) VALUES (1294, 364, 1, 'When a resource version conflict occurs');
INSERT INTO options (id, question_id, option_index, option_text) VALUES (1295, 364, 2, 'When the server crashes');
INSERT INTO options (id, question_id, option_index, option_text) VALUES (1296, 364, 3, 'When the request is too large');
INSERT INTO questions (id, external_id, subtopic_id, question, question_type, correct_answer, correct_index, explanation, learn) VALUES (365, 'sc_008', 20, 'Which status code should be returned when the client exceeds rate limits?', 'multiple_choice', '429 Too Many Requests', 2, '429 indicates the client has sent too many requests in a given amount of time.', NULL);
INSERT INTO options (id, question_id, option_index, option_text) VALUES (1297, 365, 0, '400 Bad Request');
INSERT INTO options (id, question_id, option_index, option_text) VALUES (1298, 365, 1, '401 Unauthorized');
INSERT INTO options (id, question_id, option_index, option_text) VALUES (1299, 365, 2, '429 Too Many Requests');
INSERT INTO options (id, question_id, option_index, option_text) VALUES (1300, 365, 3, '503 Service Unavailable');
INSERT INTO questions (id, external_id, subtopic_id, question, question_type, correct_answer, correct_index, explanation, learn) VALUES (366, 'sc_009', 20, 'Which status code indicates a temporary server overload or maintenance?', 'multiple_choice', '503 Service Unavailable', 2, '503 is used when the server is temporarily unable to handle requests.', NULL);
INSERT INTO options (id, question_id, option_index, option_text) VALUES (1301, 366, 0, '500 Internal Server Error');
INSERT INTO options (id, question_id, option_index, option_text) VALUES (1302, 366, 1, '502 Bad Gateway');
INSERT INTO options (id, question_id, option_index, option_text) VALUES (1303, 366, 2, '503 Service Unavailable');
INSERT INTO options (id, question_id, option_index, option_text) VALUES (1304, 366, 3, '504 Gateway Timeout');
INSERT INTO questions (id, external_id, subtopic_id, question, question_type, correct_answer, correct_index, explanation, learn) VALUES (367, 'sc_010', 20, 'Which status code is appropriate when a client tries to create a resource that already exists and must be unique?', 'multiple_choice', '409 Conflict', 1, '409 is commonly used for uniqueness or state conflicts.', NULL);
INSERT INTO options (id, question_id, option_index, option_text) VALUES (1305, 367, 0, '400 Bad Request');
INSERT INTO options (id, question_id, option_index, option_text) VALUES (1306, 367, 1, '409 Conflict');
INSERT INTO options (id, question_id, option_index, option_text) VALUES (1307, 367, 2, '422 Unprocessable Entity');
INSERT INTO options (id, question_id, option_index, option_text) VALUES (1308, 367, 3, '500 Internal Server Error');
INSERT INTO questions (id, external_id, subtopic_id, question, question_type, correct_answer, correct_index, explanation, learn) VALUES (368, 'sc_011', 20, 'What status code should be returned when authentication succeeds but the user lacks authorization?', 'multiple_choice', '403 Forbidden', 1, '403 means the user is authenticated but not allowed to access the resource.', NULL);
INSERT INTO options (id, question_id, option_index, option_text) VALUES (1309, 368, 0, '401 Unauthorized');
INSERT INTO options (id, question_id, option_index, option_text) VALUES (1310, 368, 1, '403 Forbidden');
INSERT INTO options (id, question_id, option_index, option_text) VALUES (1311, 368, 2, '404 Not Found');
INSERT INTO options (id, question_id, option_index, option_text) VALUES (1312, 368, 3, '409 Conflict');
INSERT INTO questions (id, external_id, subtopic_id, question, question_type, correct_answer, correct_index, explanation, learn) VALUES (369, 'sc_012', 20, 'Which status code indicates that a request has been accepted for processing but not completed yet?', 'multiple_choice', '202 Accepted', 2, '202 is used for async or long-running operations.', NULL);
INSERT INTO options (id, question_id, option_index, option_text) VALUES (1313, 369, 0, '200 OK');
INSERT INTO options (id, question_id, option_index, option_text) VALUES (1314, 369, 1, '201 Created');
INSERT INTO options (id, question_id, option_index, option_text) VALUES (1315, 369, 2, '202 Accepted');
INSERT INTO options (id, question_id, option_index, option_text) VALUES (1316, 369, 3, '204 No Content');
INSERT INTO questions (id, external_id, subtopic_id, question, question_type, correct_answer, correct_index, explanation, learn) VALUES (370, 'sc_013', 20, 'Which status code should be returned when the request media type is not supported?', 'multiple_choice', '415 Unsupported Media Type', 2, '415 is returned when Content-Type is not supported.', NULL);
INSERT INTO options (id, question_id, option_index, option_text) VALUES (1317, 370, 0, '400 Bad Request');
INSERT INTO options (id, question_id, option_index, option_text) VALUES (1318, 370, 1, '406 Not Acceptable');
INSERT INTO options (id, question_id, option_index, option_text) VALUES (1319, 370, 2, '415 Unsupported Media Type');
INSERT INTO options (id, question_id, option_index, option_text) VALUES (1320, 370, 3, '422 Unprocessable Entity');
INSERT INTO questions (id, external_id, subtopic_id, question, question_type, correct_answer, correct_index, explanation, learn) VALUES (371, 'sc_014', 20, 'Which status code should be returned for a successful conditional GET when the resource has not changed?', 'multiple_choice', '304 Not Modified', 2, '304 indicates cached content is still valid.', NULL);
INSERT INTO options (id, question_id, option_index, option_text) VALUES (1321, 371, 0, '200 OK');
INSERT INTO options (id, question_id, option_index, option_text) VALUES (1322, 371, 1, '204 No Content');
INSERT INTO options (id, question_id, option_index, option_text) VALUES (1323, 371, 2, '304 Not Modified');
INSERT INTO options (id, question_id, option_index, option_text) VALUES (1324, 371, 3, '412 Precondition Failed');
INSERT INTO questions (id, external_id, subtopic_id, question, question_type, correct_answer, correct_index, explanation, learn) VALUES (372, 'sc_015', 20, 'Which status code indicates a generic server-side error?', 'multiple_choice', '500 Internal Server Error', 2, '500 indicates an unexpected server failure.', NULL);
INSERT INTO options (id, question_id, option_index, option_text) VALUES (1325, 372, 0, '400 Bad Request');
INSERT INTO options (id, question_id, option_index, option_text) VALUES (1326, 372, 1, '401 Unauthorized');
INSERT INTO options (id, question_id, option_index, option_text) VALUES (1327, 372, 2, '500 Internal Server Error');
INSERT INTO options (id, question_id, option_index, option_text) VALUES (1328, 372, 3, '503 Service Unavailable');
INSERT INTO questions (id, external_id, subtopic_id, question, question_type, correct_answer, correct_index, explanation, learn) VALUES (373, 'REST-002', 20, 'Which HTTP status code indicates a successful resource creation?', 'multiple_choice', '201', 1, '201 Created indicates that a new resource has been successfully created.', NULL);
INSERT INTO options (id, question_id, option_index, option_text) VALUES (1329, 373, 0, '200');
INSERT INTO options (id, question_id, option_index, option_text) VALUES (1330, 373, 1, '201');
INSERT INTO options (id, question_id, option_index, option_text) VALUES (1331, 373, 2, '204');
INSERT INTO options (id, question_id, option_index, option_text) VALUES (1332, 373, 3, '301');
INSERT INTO questions (id, external_id, subtopic_id, question, question_type, correct_answer, correct_index, explanation, learn) VALUES (374, 'rav_001', 21, 'Why is API versioning used?', 'multiple_choice', 'To introduce breaking changes safely', 1, 'Prevents breaking existing clients.', NULL);
INSERT INTO options (id, question_id, option_index, option_text) VALUES (1333, 374, 0, 'To improve performance');
INSERT INTO options (id, question_id, option_index, option_text) VALUES (1334, 374, 1, 'To introduce breaking changes safely');
INSERT INTO options (id, question_id, option_index, option_text) VALUES (1335, 374, 2, 'To encrypt endpoints');
INSERT INTO options (id, question_id, option_index, option_text) VALUES (1336, 374, 3, 'To reduce payload size');
INSERT INTO questions (id, external_id, subtopic_id, question, question_type, correct_answer, correct_index, explanation, learn) VALUES (375, 'rav_002', 21, 'What is a common way to version REST APIs?', 'multiple_choice', 'All of the above', 3, 'Multiple valid strategies.', NULL);
INSERT INTO options (id, question_id, option_index, option_text) VALUES (1337, 375, 0, 'Query string');
INSERT INTO options (id, question_id, option_index, option_text) VALUES (1338, 375, 1, 'URL path');
INSERT INTO options (id, question_id, option_index, option_text) VALUES (1339, 375, 2, 'HTTP header');
INSERT INTO options (id, question_id, option_index, option_text) VALUES (1340, 375, 3, 'All of the above');
INSERT INTO questions (id, external_id, subtopic_id, question, question_type, correct_answer, correct_index, explanation, learn) VALUES (376, 'rav_003', 21, 'What is the most common versioning approach in practice?', 'multiple_choice', 'URL path versioning', 2, 'e.g. /v1/users.', NULL);
INSERT INTO options (id, question_id, option_index, option_text) VALUES (1341, 376, 0, 'Query parameter versioning');
INSERT INTO options (id, question_id, option_index, option_text) VALUES (1342, 376, 1, 'Header-based versioning');
INSERT INTO options (id, question_id, option_index, option_text) VALUES (1343, 376, 2, 'URL path versioning');
INSERT INTO options (id, question_id, option_index, option_text) VALUES (1344, 376, 3, 'Cookie-based versioning');
INSERT INTO questions (id, external_id, subtopic_id, question, question_type, correct_answer, correct_index, explanation, learn) VALUES (377, 'rav_004', 21, 'What is a downside of URL path versioning?', 'multiple_choice', 'Breaks REST purity', 1, 'Resource identity changes.', NULL);
INSERT INTO options (id, question_id, option_index, option_text) VALUES (1345, 377, 0, 'Harder to cache');
INSERT INTO options (id, question_id, option_index, option_text) VALUES (1346, 377, 1, 'Breaks REST purity');
INSERT INTO options (id, question_id, option_index, option_text) VALUES (1347, 377, 2, 'Harder to debug');
INSERT INTO options (id, question_id, option_index, option_text) VALUES (1348, 377, 3, 'Slower responses');
INSERT INTO questions (id, external_id, subtopic_id, question, question_type, correct_answer, correct_index, explanation, learn) VALUES (378, 'rav_005', 21, 'What is a benefit of header-based versioning?', 'multiple_choice', 'Cleaner URLs', 1, 'Version not in path.', NULL);
INSERT INTO options (id, question_id, option_index, option_text) VALUES (1349, 378, 0, 'Easier routing');
INSERT INTO options (id, question_id, option_index, option_text) VALUES (1350, 378, 1, 'Cleaner URLs');
INSERT INTO options (id, question_id, option_index, option_text) VALUES (1351, 378, 2, 'Better browser support');
INSERT INTO options (id, question_id, option_index, option_text) VALUES (1352, 378, 3, 'Faster responses');
INSERT INTO questions (id, external_id, subtopic_id, question, question_type, correct_answer, correct_index, explanation, learn) VALUES (379, 'rav_006', 21, 'What is a downside of header-based versioning?', 'multiple_choice', 'Harder for caching and debugging', 0, 'Less visible.', NULL);
INSERT INTO options (id, question_id, option_index, option_text) VALUES (1353, 379, 0, 'Harder for caching and debugging');
INSERT INTO options (id, question_id, option_index, option_text) VALUES (1354, 379, 1, 'Slower performance');
INSERT INTO options (id, question_id, option_index, option_text) VALUES (1355, 379, 2, 'Larger payloads');
INSERT INTO options (id, question_id, option_index, option_text) VALUES (1356, 379, 3, 'Less secure');
INSERT INTO questions (id, external_id, subtopic_id, question, question_type, correct_answer, correct_index, explanation, learn) VALUES (380, 'rav_007', 21, 'What is semantic versioning in APIs?', 'multiple_choice', 'major.minor.patch scheme', 1, 'Communicates breaking vs non-breaking changes.', NULL);
INSERT INTO options (id, question_id, option_index, option_text) VALUES (1357, 380, 0, 'v1, v2, v3 only');
INSERT INTO options (id, question_id, option_index, option_text) VALUES (1358, 380, 1, 'major.minor.patch scheme');
INSERT INTO options (id, question_id, option_index, option_text) VALUES (1359, 380, 2, 'commit hash versioning');
INSERT INTO options (id, question_id, option_index, option_text) VALUES (1360, 380, 3, 'date-based versioning');
INSERT INTO questions (id, external_id, subtopic_id, question, question_type, correct_answer, correct_index, explanation, learn) VALUES (381, 'rav_008', 21, 'When should you bump the major API version?', 'multiple_choice', 'On breaking change', 2, 'Signals incompatibility.', NULL);
INSERT INTO options (id, question_id, option_index, option_text) VALUES (1361, 381, 0, 'On any bug fix');
INSERT INTO options (id, question_id, option_index, option_text) VALUES (1362, 381, 1, 'On backward-compatible change');
INSERT INTO options (id, question_id, option_index, option_text) VALUES (1363, 381, 2, 'On breaking change');
INSERT INTO options (id, question_id, option_index, option_text) VALUES (1364, 381, 3, 'On performance improvement');
INSERT INTO questions (id, external_id, subtopic_id, question, question_type, correct_answer, correct_index, explanation, learn) VALUES (382, 'rav_009', 21, 'What is a backward-compatible change?', 'multiple_choice', 'Adding a new optional field', 2, 'Existing clients still work.', NULL);
INSERT INTO options (id, question_id, option_index, option_text) VALUES (1365, 382, 0, 'Removing a field');
INSERT INTO options (id, question_id, option_index, option_text) VALUES (1366, 382, 1, 'Renaming a field');
INSERT INTO options (id, question_id, option_index, option_text) VALUES (1367, 382, 2, 'Adding a new optional field');
INSERT INTO options (id, question_id, option_index, option_text) VALUES (1368, 382, 3, 'Changing field type');
INSERT INTO questions (id, external_id, subtopic_id, question, question_type, correct_answer, correct_index, explanation, learn) VALUES (383, 'rav_010', 21, 'What is a breaking change?', 'multiple_choice', 'Removing or renaming a field', 2, 'Breaks existing clients.', NULL);
INSERT INTO options (id, question_id, option_index, option_text) VALUES (1369, 383, 0, 'Adding a new endpoint');
INSERT INTO options (id, question_id, option_index, option_text) VALUES (1370, 383, 1, 'Adding a new optional field');
INSERT INTO options (id, question_id, option_index, option_text) VALUES (1371, 383, 2, 'Removing or renaming a field');
INSERT INTO options (id, question_id, option_index, option_text) VALUES (1372, 383, 3, 'Improving performance');
INSERT INTO questions (id, external_id, subtopic_id, question, question_type, correct_answer, correct_index, explanation, learn) VALUES (384, 'rav_011', 21, 'Why is deprecation important in API versioning?', 'multiple_choice', 'To give clients time to migrate', 1, 'Graceful transition.', NULL);
INSERT INTO options (id, question_id, option_index, option_text) VALUES (1373, 384, 0, 'To remove old clients immediately');
INSERT INTO options (id, question_id, option_index, option_text) VALUES (1374, 384, 1, 'To give clients time to migrate');
INSERT INTO options (id, question_id, option_index, option_text) VALUES (1375, 384, 2, 'To improve performance');
INSERT INTO options (id, question_id, option_index, option_text) VALUES (1376, 384, 3, 'To simplify routing');
INSERT INTO questions (id, external_id, subtopic_id, question, question_type, correct_answer, correct_index, explanation, learn) VALUES (385, 'rav_012', 21, 'What is a common deprecation strategy?', 'multiple_choice', 'Announce, support both, then remove', 1, 'Reduces client disruption.', NULL);
INSERT INTO options (id, question_id, option_index, option_text) VALUES (1377, 385, 0, 'Immediate shutdown');
INSERT INTO options (id, question_id, option_index, option_text) VALUES (1378, 385, 1, 'Announce, support both, then remove');
INSERT INTO options (id, question_id, option_index, option_text) VALUES (1379, 385, 2, 'Never remove old versions');
INSERT INTO options (id, question_id, option_index, option_text) VALUES (1380, 385, 3, 'Force client upgrades');
INSERT INTO questions (id, external_id, subtopic_id, question, question_type, correct_answer, correct_index, explanation, learn) VALUES (386, 'rav_013', 21, 'Why should APIs avoid frequent version bumps?', 'multiple_choice', 'Increases client maintenance burden', 1, 'Clients must track versions.', NULL);
INSERT INTO options (id, question_id, option_index, option_text) VALUES (1381, 386, 0, 'Slows down CI');
INSERT INTO options (id, question_id, option_index, option_text) VALUES (1382, 386, 1, 'Increases client maintenance burden');
INSERT INTO options (id, question_id, option_index, option_text) VALUES (1383, 386, 2, 'Reduces server performance');
INSERT INTO options (id, question_id, option_index, option_text) VALUES (1384, 386, 3, 'Breaks caching');
INSERT INTO questions (id, external_id, subtopic_id, question, question_type, correct_answer, correct_index, explanation, learn) VALUES (387, 'rav_014', 21, 'What is media type versioning?', 'multiple_choice', 'Version in Accept header', 2, 'Content negotiation.', NULL);
INSERT INTO options (id, question_id, option_index, option_text) VALUES (1385, 387, 0, 'Version in URL');
INSERT INTO options (id, question_id, option_index, option_text) VALUES (1386, 387, 1, 'Version in query param');
INSERT INTO options (id, question_id, option_index, option_text) VALUES (1387, 387, 2, 'Version in Accept header');
INSERT INTO options (id, question_id, option_index, option_text) VALUES (1388, 387, 3, 'Version in cookie');
INSERT INTO questions (id, external_id, subtopic_id, question, question_type, correct_answer, correct_index, explanation, learn) VALUES (388, 'rav_015', 21, 'What is a best practice regarding version lifespan?', 'multiple_choice', 'Define clear sunset timelines', 1, 'Predictability for clients.', NULL);
INSERT INTO options (id, question_id, option_index, option_text) VALUES (1389, 388, 0, 'Support forever');
INSERT INTO options (id, question_id, option_index, option_text) VALUES (1390, 388, 1, 'Define clear sunset timelines');
INSERT INTO options (id, question_id, option_index, option_text) VALUES (1391, 388, 2, 'Remove without notice');
INSERT INTO options (id, question_id, option_index, option_text) VALUES (1392, 388, 3, 'Only support one version');
INSERT INTO questions (id, external_id, subtopic_id, question, question_type, correct_answer, correct_index, explanation, learn) VALUES (389, 'rav_016', 21, 'What is contract testing useful for in versioning?', 'multiple_choice', 'Ensuring client/server compatibility', 1, 'Prevents accidental breaks.', 'Contract testing helps verify that different parts of a system, such as a client application and an API server, agree on the format and structure of the data they exchange. This shared understanding is often called a "contract."

When systems are versioned, meaning they evolve over time with new releases, changes in one part (like a new server API version) could inadvertently break another part (like an older client expecting a different data structure). Contract tests act as an early warning system, catching these potential mismatches.

By running these tests, you can confidently ensure that even with new versions or updates, the interconnected components continue to communicate smoothly and correctly, preventing unexpected errors due to incompatible data exchanges.');
INSERT INTO options (id, question_id, option_index, option_text) VALUES (1393, 389, 0, 'UI testing');
INSERT INTO options (id, question_id, option_index, option_text) VALUES (1394, 389, 1, 'Ensuring client/server compatibility');
INSERT INTO options (id, question_id, option_index, option_text) VALUES (1395, 389, 2, 'Performance testing');
INSERT INTO options (id, question_id, option_index, option_text) VALUES (1396, 389, 3, 'Load testing');
INSERT INTO questions (id, external_id, subtopic_id, question, question_type, correct_answer, correct_index, explanation, learn) VALUES (390, 'rav_017', 21, 'What is a common mistake in API versioning?', 'multiple_choice', 'Overusing minor versions for breaking changes', 1, 'Breaks client expectations.', NULL);
INSERT INTO options (id, question_id, option_index, option_text) VALUES (1397, 390, 0, 'Versioning too late');
INSERT INTO options (id, question_id, option_index, option_text) VALUES (1398, 390, 1, 'Overusing minor versions for breaking changes');
INSERT INTO options (id, question_id, option_index, option_text) VALUES (1399, 390, 2, 'Supporting multiple versions');
INSERT INTO options (id, question_id, option_index, option_text) VALUES (1400, 390, 3, 'Using semantic versioning');
INSERT INTO questions (id, external_id, subtopic_id, question, question_type, correct_answer, correct_index, explanation, learn) VALUES (391, 'rav_018', 21, 'Why is versioning at resource level sometimes preferred?', 'multiple_choice', 'Allows evolving specific resources independently', 1, 'Fine-grained evolution.', NULL);
INSERT INTO options (id, question_id, option_index, option_text) VALUES (1401, 391, 0, 'Easier routing');
INSERT INTO options (id, question_id, option_index, option_text) VALUES (1402, 391, 1, 'Allows evolving specific resources independently');
INSERT INTO options (id, question_id, option_index, option_text) VALUES (1403, 391, 2, 'Faster responses');
INSERT INTO options (id, question_id, option_index, option_text) VALUES (1404, 391, 3, 'Smaller payloads');
INSERT INTO questions (id, external_id, subtopic_id, question, question_type, correct_answer, correct_index, explanation, learn) VALUES (392, 'rav_019', 21, 'What is an API sunset header used for?', 'multiple_choice', 'Indicate planned deprecation date', 1, 'Signals upcoming removal.', NULL);
INSERT INTO options (id, question_id, option_index, option_text) VALUES (1405, 392, 0, 'Authentication');
INSERT INTO options (id, question_id, option_index, option_text) VALUES (1406, 392, 1, 'Indicate planned deprecation date');
INSERT INTO options (id, question_id, option_index, option_text) VALUES (1407, 392, 2, 'Caching');
INSERT INTO options (id, question_id, option_index, option_text) VALUES (1408, 392, 3, 'Pagination');
INSERT INTO questions (id, external_id, subtopic_id, question, question_type, correct_answer, correct_index, explanation, learn) VALUES (393, 'rav_020', 21, 'What should clients ideally do with API versions?', 'multiple_choice', 'Explicitly target a version and plan upgrades', 2, 'Controlled upgrades.', NULL);
INSERT INTO options (id, question_id, option_index, option_text) VALUES (1409, 393, 0, 'Always use latest automatically');
INSERT INTO options (id, question_id, option_index, option_text) VALUES (1410, 393, 1, 'Hardcode version and never upgrade');
INSERT INTO options (id, question_id, option_index, option_text) VALUES (1411, 393, 2, 'Explicitly target a version and plan upgrades');
INSERT INTO options (id, question_id, option_index, option_text) VALUES (1412, 393, 3, 'Ignore versions');
INSERT INTO questions (id, external_id, subtopic_id, question, question_type, correct_answer, correct_index, explanation, learn) VALUES (394, 'cq_001', 22, 'What is the primary purpose of code reviews?', 'multiple_choice', 'Catch bugs and improve overall code quality', 1, 'Code reviews help detect defects, improve design, and share knowledge.', NULL);
INSERT INTO options (id, question_id, option_index, option_text) VALUES (1413, 394, 0, 'Enforce personal coding style');
INSERT INTO options (id, question_id, option_index, option_text) VALUES (1414, 394, 1, 'Catch bugs and improve overall code quality');
INSERT INTO options (id, question_id, option_index, option_text) VALUES (1415, 394, 2, 'Reduce build times');
INSERT INTO options (id, question_id, option_index, option_text) VALUES (1416, 394, 3, 'Eliminate the need for testing');
INSERT INTO questions (id, external_id, subtopic_id, question, question_type, correct_answer, correct_index, explanation, learn) VALUES (395, 'cq_002', 22, 'What does the DRY principle stand for?', 'multiple_choice', 'Don''t Repeat Yourself', 1, 'DRY promotes reducing duplication to improve maintainability.', NULL);
INSERT INTO options (id, question_id, option_index, option_text) VALUES (1417, 395, 0, 'Do Repeat Yourself');
INSERT INTO options (id, question_id, option_index, option_text) VALUES (1418, 395, 1, 'Don''t Repeat Yourself');
INSERT INTO options (id, question_id, option_index, option_text) VALUES (1419, 395, 2, 'Debug Rapidly Yourself');
INSERT INTO options (id, question_id, option_index, option_text) VALUES (1420, 395, 3, 'Design Reusable YAML');
INSERT INTO questions (id, external_id, subtopic_id, question, question_type, correct_answer, correct_index, explanation, learn) VALUES (396, 'cq_003', 22, 'What is the main benefit of small, focused functions?', 'multiple_choice', 'Easier testing and readability', 1, 'Small functions are easier to reason about and test.', NULL);
INSERT INTO options (id, question_id, option_index, option_text) VALUES (1421, 396, 0, 'Faster CPU execution');
INSERT INTO options (id, question_id, option_index, option_text) VALUES (1422, 396, 1, 'Easier testing and readability');
INSERT INTO options (id, question_id, option_index, option_text) VALUES (1423, 396, 2, 'Less memory usage');
INSERT INTO options (id, question_id, option_index, option_text) VALUES (1424, 396, 3, 'Fewer dependencies');
INSERT INTO questions (id, external_id, subtopic_id, question, question_type, correct_answer, correct_index, explanation, learn) VALUES (397, 'cq_004', 22, 'What is a code smell?', 'multiple_choice', 'A sign of deeper design problems', 2, 'Code smells indicate potential maintainability or design issues.', NULL);
INSERT INTO options (id, question_id, option_index, option_text) VALUES (1425, 397, 0, 'A syntax error');
INSERT INTO options (id, question_id, option_index, option_text) VALUES (1426, 397, 1, 'A runtime exception');
INSERT INTO options (id, question_id, option_index, option_text) VALUES (1427, 397, 2, 'A sign of deeper design problems');
INSERT INTO options (id, question_id, option_index, option_text) VALUES (1428, 397, 3, 'A security vulnerability');
INSERT INTO questions (id, external_id, subtopic_id, question, question_type, correct_answer, correct_index, explanation, learn) VALUES (398, 'cq_005', 22, 'What is cyclomatic complexity?', 'multiple_choice', 'Measure of number of independent execution paths', 2, 'High cyclomatic complexity makes code harder to test and maintain.', NULL);
INSERT INTO options (id, question_id, option_index, option_text) VALUES (1429, 398, 0, 'Number of lines of code');
INSERT INTO options (id, question_id, option_index, option_text) VALUES (1430, 398, 1, 'Number of classes in a project');
INSERT INTO options (id, question_id, option_index, option_text) VALUES (1431, 398, 2, 'Measure of number of independent execution paths');
INSERT INTO options (id, question_id, option_index, option_text) VALUES (1432, 398, 3, 'Memory usage of a function');
INSERT INTO questions (id, external_id, subtopic_id, question, question_type, correct_answer, correct_index, explanation, learn) VALUES (399, 'cq_006', 22, 'What is the main goal of refactoring?', 'multiple_choice', 'Improve code structure without changing behavior', 1, 'Refactoring improves maintainability while preserving behavior.', NULL);
INSERT INTO options (id, question_id, option_index, option_text) VALUES (1433, 399, 0, 'Add new features');
INSERT INTO options (id, question_id, option_index, option_text) VALUES (1434, 399, 1, 'Improve code structure without changing behavior');
INSERT INTO options (id, question_id, option_index, option_text) VALUES (1435, 399, 2, 'Optimize database queries');
INSERT INTO options (id, question_id, option_index, option_text) VALUES (1436, 399, 3, 'Fix production bugs');
INSERT INTO questions (id, external_id, subtopic_id, question, question_type, correct_answer, correct_index, explanation, learn) VALUES (400, 'cq_007', 22, 'Why are automated tests important for code quality?', 'multiple_choice', 'They prevent regressions', 2, 'Tests catch unintended changes and protect existing behavior.', NULL);
INSERT INTO options (id, question_id, option_index, option_text) VALUES (1437, 400, 0, 'They eliminate all bugs');
INSERT INTO options (id, question_id, option_index, option_text) VALUES (1438, 400, 1, 'They replace code reviews');
INSERT INTO options (id, question_id, option_index, option_text) VALUES (1439, 400, 2, 'They prevent regressions');
INSERT INTO options (id, question_id, option_index, option_text) VALUES (1440, 400, 3, 'They improve runtime performance');
INSERT INTO questions (id, external_id, subtopic_id, question, question_type, correct_answer, correct_index, explanation, learn) VALUES (401, 'cq_008', 22, 'What is technical debt?', 'multiple_choice', 'Future cost caused by quick or suboptimal solutions', 2, 'Technical debt accumulates when design tradeoffs are made for speed.', NULL);
INSERT INTO options (id, question_id, option_index, option_text) VALUES (1441, 401, 0, 'Bugs in production');
INSERT INTO options (id, question_id, option_index, option_text) VALUES (1442, 401, 1, 'Poor performance');
INSERT INTO options (id, question_id, option_index, option_text) VALUES (1443, 401, 2, 'Future cost caused by quick or suboptimal solutions');
INSERT INTO options (id, question_id, option_index, option_text) VALUES (1444, 401, 3, 'Missing documentation');
INSERT INTO questions (id, external_id, subtopic_id, question, question_type, correct_answer, correct_index, explanation, learn) VALUES (402, 'cq_009', 22, 'What is the Single Responsibility Principle?', 'multiple_choice', 'A class should have only one reason to change', 1, 'SRP improves cohesion and reduces coupling.', NULL);
INSERT INTO options (id, question_id, option_index, option_text) VALUES (1445, 402, 0, 'A class should only have one public method');
INSERT INTO options (id, question_id, option_index, option_text) VALUES (1446, 402, 1, 'A class should have only one reason to change');
INSERT INTO options (id, question_id, option_index, option_text) VALUES (1447, 402, 2, 'A function should be written by one person');
INSERT INTO options (id, question_id, option_index, option_text) VALUES (1448, 402, 3, 'A class should only depend on one library');
INSERT INTO questions (id, external_id, subtopic_id, question, question_type, correct_answer, correct_index, explanation, learn) VALUES (403, 'cq_010', 22, 'Why is high coupling undesirable?', 'multiple_choice', 'It makes code harder to change and test', 1, 'High coupling increases ripple effects from changes.', NULL);
INSERT INTO options (id, question_id, option_index, option_text) VALUES (1449, 403, 0, 'It increases performance');
INSERT INTO options (id, question_id, option_index, option_text) VALUES (1450, 403, 1, 'It makes code harder to change and test');
INSERT INTO options (id, question_id, option_index, option_text) VALUES (1451, 403, 2, 'It reduces memory usage');
INSERT INTO options (id, question_id, option_index, option_text) VALUES (1452, 403, 3, 'It simplifies architecture');
INSERT INTO questions (id, external_id, subtopic_id, question, question_type, correct_answer, correct_index, explanation, learn) VALUES (404, 'cq_011', 22, 'What is cohesion in software design?', 'multiple_choice', 'How related the responsibilities within a module are', 1, 'High cohesion means a module has closely related responsibilities.', NULL);
INSERT INTO options (id, question_id, option_index, option_text) VALUES (1453, 404, 0, 'How tightly modules are connected');
INSERT INTO options (id, question_id, option_index, option_text) VALUES (1454, 404, 1, 'How related the responsibilities within a module are');
INSERT INTO options (id, question_id, option_index, option_text) VALUES (1455, 404, 2, 'How fast code executes');
INSERT INTO options (id, question_id, option_index, option_text) VALUES (1456, 404, 3, 'How many dependencies a module has');
INSERT INTO questions (id, external_id, subtopic_id, question, question_type, correct_answer, correct_index, explanation, learn) VALUES (405, 'cq_012', 22, 'What is a common benefit of consistent code formatting?', 'multiple_choice', 'Improved readability and team collaboration', 2, 'Consistent formatting reduces cognitive load for readers.', NULL);
INSERT INTO options (id, question_id, option_index, option_text) VALUES (1457, 405, 0, 'Faster execution');
INSERT INTO options (id, question_id, option_index, option_text) VALUES (1458, 405, 1, 'Smaller binaries');
INSERT INTO options (id, question_id, option_index, option_text) VALUES (1459, 405, 2, 'Improved readability and team collaboration');
INSERT INTO options (id, question_id, option_index, option_text) VALUES (1460, 405, 3, 'Reduced memory usage');
INSERT INTO questions (id, external_id, subtopic_id, question, question_type, correct_answer, correct_index, explanation, learn) VALUES (406, 'cq_013', 22, 'What is a linter primarily used for?', 'multiple_choice', 'Enforcing style and catching simple bugs', 1, 'Linters detect patterns that may indicate bugs or style issues.', NULL);
INSERT INTO options (id, question_id, option_index, option_text) VALUES (1461, 406, 0, 'Running unit tests');
INSERT INTO options (id, question_id, option_index, option_text) VALUES (1462, 406, 1, 'Enforcing style and catching simple bugs');
INSERT INTO options (id, question_id, option_index, option_text) VALUES (1463, 406, 2, 'Compiling code');
INSERT INTO options (id, question_id, option_index, option_text) VALUES (1464, 406, 3, 'Measuring performance');
INSERT INTO questions (id, external_id, subtopic_id, question, question_type, correct_answer, correct_index, explanation, learn) VALUES (407, 'cq_014', 22, 'What is the benefit of type checking (e.g., mypy, TypeScript)?', 'multiple_choice', 'Catching certain classes of errors before runtime', 1, 'Static typing catches mismatches early.', NULL);
INSERT INTO options (id, question_id, option_index, option_text) VALUES (1465, 407, 0, 'Faster runtime speed');
INSERT INTO options (id, question_id, option_index, option_text) VALUES (1466, 407, 1, 'Catching certain classes of errors before runtime');
INSERT INTO options (id, question_id, option_index, option_text) VALUES (1467, 407, 2, 'Eliminating the need for tests');
INSERT INTO options (id, question_id, option_index, option_text) VALUES (1468, 407, 3, 'Reducing memory usage');
INSERT INTO questions (id, external_id, subtopic_id, question, question_type, correct_answer, correct_index, explanation, learn) VALUES (408, 'cq_015', 22, 'What is a common risk of large pull requests?', 'multiple_choice', 'Harder reviews and missed bugs', 2, 'Large PRs are harder to review thoroughly.', NULL);
INSERT INTO options (id, question_id, option_index, option_text) VALUES (1469, 408, 0, 'Faster reviews');
INSERT INTO options (id, question_id, option_index, option_text) VALUES (1470, 408, 1, 'Easier rollback');
INSERT INTO options (id, question_id, option_index, option_text) VALUES (1471, 408, 2, 'Harder reviews and missed bugs');
INSERT INTO options (id, question_id, option_index, option_text) VALUES (1472, 408, 3, 'Better documentation');
INSERT INTO questions (id, external_id, subtopic_id, question, question_type, correct_answer, correct_index, explanation, learn) VALUES (409, 'cq_016', 22, 'Why is dead code problematic?', 'multiple_choice', 'It increases maintenance burden and confusion', 1, 'Dead code adds noise and can mislead maintainers.', NULL);
INSERT INTO options (id, question_id, option_index, option_text) VALUES (1473, 409, 0, 'It slows down compilation significantly');
INSERT INTO options (id, question_id, option_index, option_text) VALUES (1474, 409, 1, 'It increases maintenance burden and confusion');
INSERT INTO options (id, question_id, option_index, option_text) VALUES (1475, 409, 2, 'It breaks production builds');
INSERT INTO options (id, question_id, option_index, option_text) VALUES (1476, 409, 3, 'It increases runtime errors');
INSERT INTO questions (id, external_id, subtopic_id, question, question_type, correct_answer, correct_index, explanation, learn) VALUES (410, 'cq_017', 22, 'What is the purpose of code ownership?', 'multiple_choice', 'Assign responsibility for maintaining specific areas', 1, 'Ownership clarifies accountability and knowledge domains.', NULL);
INSERT INTO options (id, question_id, option_index, option_text) VALUES (1477, 410, 0, 'Restrict who can commit code');
INSERT INTO options (id, question_id, option_index, option_text) VALUES (1478, 410, 1, 'Assign responsibility for maintaining specific areas');
INSERT INTO options (id, question_id, option_index, option_text) VALUES (1479, 410, 2, 'Improve performance');
INSERT INTO options (id, question_id, option_index, option_text) VALUES (1480, 410, 3, 'Enforce security policies');
INSERT INTO questions (id, external_id, subtopic_id, question, question_type, correct_answer, correct_index, explanation, learn) VALUES (411, 'cq_018', 22, 'What is a flaky test?', 'multiple_choice', 'A test that sometimes passes and sometimes fails', 1, 'Flaky tests reduce trust in the test suite.', NULL);
INSERT INTO options (id, question_id, option_index, option_text) VALUES (1481, 411, 0, 'A slow-running test');
INSERT INTO options (id, question_id, option_index, option_text) VALUES (1482, 411, 1, 'A test that sometimes passes and sometimes fails');
INSERT INTO options (id, question_id, option_index, option_text) VALUES (1483, 411, 2, 'A test without assertions');
INSERT INTO options (id, question_id, option_index, option_text) VALUES (1484, 411, 3, 'A test that only runs locally');
INSERT INTO questions (id, external_id, subtopic_id, question, question_type, correct_answer, correct_index, explanation, learn) VALUES (412, 'cq_019', 22, 'Why should magic numbers be avoided?', 'multiple_choice', 'They reduce readability and intent', 2, 'Named constants express meaning and intent.', NULL);
INSERT INTO options (id, question_id, option_index, option_text) VALUES (1485, 412, 0, 'They reduce performance');
INSERT INTO options (id, question_id, option_index, option_text) VALUES (1486, 412, 1, 'They increase binary size');
INSERT INTO options (id, question_id, option_index, option_text) VALUES (1487, 412, 2, 'They reduce readability and intent');
INSERT INTO options (id, question_id, option_index, option_text) VALUES (1488, 412, 3, 'They cause memory leaks');
INSERT INTO questions (id, external_id, subtopic_id, question, question_type, correct_answer, correct_index, explanation, learn) VALUES (413, 'cq_020', 22, 'What is the main benefit of clear error messages?', 'multiple_choice', 'Better UX and faster debugging', 1, 'Clear errors reduce mean time to resolution.', NULL);
INSERT INTO options (id, question_id, option_index, option_text) VALUES (1489, 413, 0, 'Smaller logs');
INSERT INTO options (id, question_id, option_index, option_text) VALUES (1490, 413, 1, 'Better UX and faster debugging');
INSERT INTO options (id, question_id, option_index, option_text) VALUES (1491, 413, 2, 'Improved security');
INSERT INTO options (id, question_id, option_index, option_text) VALUES (1492, 413, 3, 'Lower memory usage');
INSERT INTO questions (id, external_id, subtopic_id, question, question_type, correct_answer, correct_index, explanation, learn) VALUES (414, 'dsc_001', 23, 'What is the average time complexity of lookup in a hash table?', 'multiple_choice', 'O(1)', 0, 'Average case constant time.', NULL);
INSERT INTO options (id, question_id, option_index, option_text) VALUES (1493, 414, 0, 'O(1)');
INSERT INTO options (id, question_id, option_index, option_text) VALUES (1494, 414, 1, 'O(log n)');
INSERT INTO options (id, question_id, option_index, option_text) VALUES (1495, 414, 2, 'O(n)');
INSERT INTO options (id, question_id, option_index, option_text) VALUES (1496, 414, 3, 'O(n log n)');
INSERT INTO questions (id, external_id, subtopic_id, question, question_type, correct_answer, correct_index, explanation, learn) VALUES (415, 'dsc_002', 23, 'What is the worst-case time complexity of lookup in a hash table?', 'multiple_choice', 'O(n)', 2, 'All keys collide.', NULL);
INSERT INTO options (id, question_id, option_index, option_text) VALUES (1497, 415, 0, 'O(1)');
INSERT INTO options (id, question_id, option_index, option_text) VALUES (1498, 415, 1, 'O(log n)');
INSERT INTO options (id, question_id, option_index, option_text) VALUES (1499, 415, 2, 'O(n)');
INSERT INTO options (id, question_id, option_index, option_text) VALUES (1500, 415, 3, 'O(n log n)');
INSERT INTO questions (id, external_id, subtopic_id, question, question_type, correct_answer, correct_index, explanation, learn) VALUES (416, 'dsc_003', 23, 'What is the time complexity of binary search on a sorted array?', 'multiple_choice', 'O(log n)', 1, 'Halves search space.', NULL);
INSERT INTO options (id, question_id, option_index, option_text) VALUES (1501, 416, 0, 'O(1)');
INSERT INTO options (id, question_id, option_index, option_text) VALUES (1502, 416, 1, 'O(log n)');
INSERT INTO options (id, question_id, option_index, option_text) VALUES (1503, 416, 2, 'O(n)');
INSERT INTO options (id, question_id, option_index, option_text) VALUES (1504, 416, 3, 'O(n log n)');
INSERT INTO questions (id, external_id, subtopic_id, question, question_type, correct_answer, correct_index, explanation, learn) VALUES (417, 'dsc_004', 23, 'What data structure is best for implementing a FIFO queue?', 'multiple_choice', 'Queue', 2, 'FIFO semantics.', NULL);
INSERT INTO options (id, question_id, option_index, option_text) VALUES (1505, 417, 0, 'Stack');
INSERT INTO options (id, question_id, option_index, option_text) VALUES (1506, 417, 1, 'Linked list');
INSERT INTO options (id, question_id, option_index, option_text) VALUES (1507, 417, 2, 'Queue');
INSERT INTO options (id, question_id, option_index, option_text) VALUES (1508, 417, 3, 'Tree');
INSERT INTO questions (id, external_id, subtopic_id, question, question_type, correct_answer, correct_index, explanation, learn) VALUES (418, 'dsc_005', 23, 'What is the time complexity of inserting at the beginning of a linked list?', 'multiple_choice', 'O(1)', 0, 'Constant pointer change.', NULL);
INSERT INTO options (id, question_id, option_index, option_text) VALUES (1509, 418, 0, 'O(1)');
INSERT INTO options (id, question_id, option_index, option_text) VALUES (1510, 418, 1, 'O(log n)');
INSERT INTO options (id, question_id, option_index, option_text) VALUES (1511, 418, 2, 'O(n)');
INSERT INTO options (id, question_id, option_index, option_text) VALUES (1512, 418, 3, 'O(n log n)');
INSERT INTO questions (id, external_id, subtopic_id, question, question_type, correct_answer, correct_index, explanation, learn) VALUES (419, 'dsc_006', 23, 'What is the time complexity of inserting into the middle of an array?', 'multiple_choice', 'O(n)', 2, 'Elements must be shifted.', NULL);
INSERT INTO options (id, question_id, option_index, option_text) VALUES (1513, 419, 0, 'O(1)');
INSERT INTO options (id, question_id, option_index, option_text) VALUES (1514, 419, 1, 'O(log n)');
INSERT INTO options (id, question_id, option_index, option_text) VALUES (1515, 419, 2, 'O(n)');
INSERT INTO options (id, question_id, option_index, option_text) VALUES (1516, 419, 3, 'O(n log n)');
INSERT INTO questions (id, external_id, subtopic_id, question, question_type, correct_answer, correct_index, explanation, learn) VALUES (420, 'dsc_007', 23, 'What is a balanced binary search tree used for?', 'multiple_choice', 'Ordered data with O(log n) operations', 1, 'Maintains sorted order efficiently.', NULL);
INSERT INTO options (id, question_id, option_index, option_text) VALUES (1517, 420, 0, 'Fast random access');
INSERT INTO options (id, question_id, option_index, option_text) VALUES (1518, 420, 1, 'Ordered data with O(log n) operations');
INSERT INTO options (id, question_id, option_index, option_text) VALUES (1519, 420, 2, 'Constant time lookup');
INSERT INTO options (id, question_id, option_index, option_text) VALUES (1520, 420, 3, 'Graph traversal');
INSERT INTO questions (id, external_id, subtopic_id, question, question_type, correct_answer, correct_index, explanation, learn) VALUES (421, 'dsc_008', 23, 'What is the time complexity of heap insertion?', 'multiple_choice', 'O(log n)', 1, 'Heapify up.', NULL);
INSERT INTO options (id, question_id, option_index, option_text) VALUES (1521, 421, 0, 'O(1)');
INSERT INTO options (id, question_id, option_index, option_text) VALUES (1522, 421, 1, 'O(log n)');
INSERT INTO options (id, question_id, option_index, option_text) VALUES (1523, 421, 2, 'O(n)');
INSERT INTO options (id, question_id, option_index, option_text) VALUES (1524, 421, 3, 'O(n log n)');
INSERT INTO questions (id, external_id, subtopic_id, question, question_type, correct_answer, correct_index, explanation, learn) VALUES (422, 'dsc_009', 23, 'What data structure is typically used to implement LRU cache?', 'multiple_choice', 'Hash map + doubly linked list', 2, 'O(1) get and eviction.', NULL);
INSERT INTO options (id, question_id, option_index, option_text) VALUES (1525, 422, 0, 'Array');
INSERT INTO options (id, question_id, option_index, option_text) VALUES (1526, 422, 1, 'Stack');
INSERT INTO options (id, question_id, option_index, option_text) VALUES (1527, 422, 2, 'Hash map + doubly linked list');
INSERT INTO options (id, question_id, option_index, option_text) VALUES (1528, 422, 3, 'Binary tree');
INSERT INTO questions (id, external_id, subtopic_id, question, question_type, correct_answer, correct_index, explanation, learn) VALUES (423, 'dsc_010', 23, 'What is Big O notation used to describe?', 'multiple_choice', 'Worst-case growth of time or space', 1, 'Describes asymptotic complexity.', NULL);
INSERT INTO options (id, question_id, option_index, option_text) VALUES (1529, 423, 0, 'Memory allocation');
INSERT INTO options (id, question_id, option_index, option_text) VALUES (1530, 423, 1, 'Worst-case growth of time or space');
INSERT INTO options (id, question_id, option_index, option_text) VALUES (1531, 423, 2, 'Average CPU usage');
INSERT INTO options (id, question_id, option_index, option_text) VALUES (1532, 423, 3, 'Network latency');
INSERT INTO questions (id, external_id, subtopic_id, question, question_type, correct_answer, correct_index, explanation, learn) VALUES (424, 'dsc_011', 23, 'What is the space complexity of storing n elements in an array?', 'multiple_choice', 'O(n)', 2, 'One slot per element.', NULL);
INSERT INTO options (id, question_id, option_index, option_text) VALUES (1533, 424, 0, 'O(1)');
INSERT INTO options (id, question_id, option_index, option_text) VALUES (1534, 424, 1, 'O(log n)');
INSERT INTO options (id, question_id, option_index, option_text) VALUES (1535, 424, 2, 'O(n)');
INSERT INTO options (id, question_id, option_index, option_text) VALUES (1536, 424, 3, 'O(n log n)');
INSERT INTO questions (id, external_id, subtopic_id, question, question_type, correct_answer, correct_index, explanation, learn) VALUES (425, 'dsc_012', 23, 'What is amortized time complexity?', 'multiple_choice', 'Average over all operations', 1, 'E.g. dynamic array resizing.', NULL);
INSERT INTO options (id, question_id, option_index, option_text) VALUES (1537, 425, 0, 'Worst-case time');
INSERT INTO options (id, question_id, option_index, option_text) VALUES (1538, 425, 1, 'Average over all operations');
INSERT INTO options (id, question_id, option_index, option_text) VALUES (1539, 425, 2, 'Best-case time');
INSERT INTO options (id, question_id, option_index, option_text) VALUES (1540, 425, 3, 'Parallel execution time');
INSERT INTO questions (id, external_id, subtopic_id, question, question_type, correct_answer, correct_index, explanation, learn) VALUES (426, 'dsc_013', 23, 'What is the time complexity of appending to a dynamic array (amortized)?', 'multiple_choice', 'O(1)', 0, 'Occasional resize cost amortized.', 'When appending to a dynamic array, most operations are very fast. If there is available space at the end of the underlying array, adding a new element simply involves placing it in the next open spot, which takes a constant amount of time. This is an O(1) operation.
However, a dynamic array needs to grow when it runs out of space. In this scenario, a new, larger array is allocated (often double the size), and all existing elements are copied from the old array to the new one. This copying process takes time proportional to the number of elements currently in the array, making it an O(n) operation in the worst case.
Amortized analysis helps us understand the average cost over a sequence of operations. While a single resize can be expensive, these expensive operations are infrequent. They are "paid for" by many subsequent O(1) insertions. Over a long sequence of appends, the total cost, including occasional resizes, averages out such that each append effectively contributes a constant amount to the overall work.');
INSERT INTO options (id, question_id, option_index, option_text) VALUES (1541, 426, 0, 'O(1)');
INSERT INTO options (id, question_id, option_index, option_text) VALUES (1542, 426, 1, 'O(log n)');
INSERT INTO options (id, question_id, option_index, option_text) VALUES (1543, 426, 2, 'O(n)');
INSERT INTO options (id, question_id, option_index, option_text) VALUES (1544, 426, 3, 'O(n log n)');
INSERT INTO questions (id, external_id, subtopic_id, question, question_type, correct_answer, correct_index, explanation, learn) VALUES (427, 'dsc_014', 23, 'What data structure is best for fast membership checks?', 'multiple_choice', 'Set', 2, 'Hash-based O(1) lookup.', NULL);
INSERT INTO options (id, question_id, option_index, option_text) VALUES (1545, 427, 0, 'List');
INSERT INTO options (id, question_id, option_index, option_text) VALUES (1546, 427, 1, 'Array');
INSERT INTO options (id, question_id, option_index, option_text) VALUES (1547, 427, 2, 'Set');
INSERT INTO options (id, question_id, option_index, option_text) VALUES (1548, 427, 3, 'Stack');
INSERT INTO questions (id, external_id, subtopic_id, question, question_type, correct_answer, correct_index, explanation, learn) VALUES (428, 'dsc_015', 23, 'What is a graph traversal algorithm?', 'multiple_choice', 'Breadth-first search', 2, 'BFS traverses graphs.', NULL);
INSERT INTO options (id, question_id, option_index, option_text) VALUES (1549, 428, 0, 'Merge sort');
INSERT INTO options (id, question_id, option_index, option_text) VALUES (1550, 428, 1, 'Binary search');
INSERT INTO options (id, question_id, option_index, option_text) VALUES (1551, 428, 2, 'Breadth-first search');
INSERT INTO options (id, question_id, option_index, option_text) VALUES (1552, 428, 3, 'Heap sort');
INSERT INTO questions (id, external_id, subtopic_id, question, question_type, correct_answer, correct_index, explanation, learn) VALUES (429, 'dsc_016', 23, 'What is the time complexity of BFS on a graph?', 'multiple_choice', 'O(V + E)', 2, 'Visits all vertices and edges.', 'BFS systematically explores a graph by visiting all the neighbors of a node before moving on to the next level of neighbors. To do this, it typically uses a queue to manage the order of nodes to visit.

During its traversal, BFS ensures that every vertex in the graph is visited and processed exactly once. Additionally, every edge in the graph is examined at most a constant number of times as BFS explores the connections between vertices.

Considering these two fundamental operations—visiting each vertex and traversing each edge—the total time complexity is the sum of the work involved in processing all vertices and all edges.');
INSERT INTO options (id, question_id, option_index, option_text) VALUES (1553, 429, 0, 'O(V)');
INSERT INTO options (id, question_id, option_index, option_text) VALUES (1554, 429, 1, 'O(E)');
INSERT INTO options (id, question_id, option_index, option_text) VALUES (1555, 429, 2, 'O(V + E)');
INSERT INTO options (id, question_id, option_index, option_text) VALUES (1556, 429, 3, 'O(V log E)');
INSERT INTO questions (id, external_id, subtopic_id, question, question_type, correct_answer, correct_index, explanation, learn) VALUES (430, 'dsc_017', 23, 'What is a priority queue typically implemented with?', 'multiple_choice', 'Heap', 2, 'Efficient min/max retrieval.', NULL);
INSERT INTO options (id, question_id, option_index, option_text) VALUES (1557, 430, 0, 'Stack');
INSERT INTO options (id, question_id, option_index, option_text) VALUES (1558, 430, 1, 'Linked list');
INSERT INTO options (id, question_id, option_index, option_text) VALUES (1559, 430, 2, 'Heap');
INSERT INTO options (id, question_id, option_index, option_text) VALUES (1560, 430, 3, 'Hash map');
INSERT INTO questions (id, external_id, subtopic_id, question, question_type, correct_answer, correct_index, explanation, learn) VALUES (431, 'dsc_018', 23, 'What is a common use of a trie?', 'multiple_choice', 'Autocomplete and prefix matching', 1, 'Efficient prefix search.', NULL);
INSERT INTO options (id, question_id, option_index, option_text) VALUES (1561, 431, 0, 'Sorting numbers');
INSERT INTO options (id, question_id, option_index, option_text) VALUES (1562, 431, 1, 'Autocomplete and prefix matching');
INSERT INTO options (id, question_id, option_index, option_text) VALUES (1563, 431, 2, 'Graph traversal');
INSERT INTO options (id, question_id, option_index, option_text) VALUES (1564, 431, 3, 'Caching database queries');
INSERT INTO questions (id, external_id, subtopic_id, question, question_type, correct_answer, correct_index, explanation, learn) VALUES (432, 'dsc_019', 23, 'What is the time complexity of quicksort (average case)?', 'multiple_choice', 'O(n log n)', 2, 'Divide and conquer.', NULL);
INSERT INTO options (id, question_id, option_index, option_text) VALUES (1565, 432, 0, 'O(n)');
INSERT INTO options (id, question_id, option_index, option_text) VALUES (1566, 432, 1, 'O(log n)');
INSERT INTO options (id, question_id, option_index, option_text) VALUES (1567, 432, 2, 'O(n log n)');
INSERT INTO options (id, question_id, option_index, option_text) VALUES (1568, 432, 3, 'O(n^2)');
INSERT INTO questions (id, external_id, subtopic_id, question, question_type, correct_answer, correct_index, explanation, learn) VALUES (433, 'dsc_020', 23, 'What is the worst-case time complexity of quicksort?', 'multiple_choice', 'O(n^2)', 3, 'Poor pivot selection.', NULL);
INSERT INTO options (id, question_id, option_index, option_text) VALUES (1569, 433, 0, 'O(n)');
INSERT INTO options (id, question_id, option_index, option_text) VALUES (1570, 433, 1, 'O(log n)');
INSERT INTO options (id, question_id, option_index, option_text) VALUES (1571, 433, 2, 'O(n log n)');
INSERT INTO options (id, question_id, option_index, option_text) VALUES (1572, 433, 3, 'O(n^2)');
INSERT INTO questions (id, external_id, subtopic_id, question, question_type, correct_answer, correct_index, explanation, learn) VALUES (434, 'dbg_001', 24, 'What is the first step when investigating a production incident?', 'multiple_choice', 'Assess impact and stabilize the system', 2, 'Priority is to reduce user impact before deep analysis.', NULL);
INSERT INTO options (id, question_id, option_index, option_text) VALUES (1573, 434, 0, 'Deploy a fix immediately');
INSERT INTO options (id, question_id, option_index, option_text) VALUES (1574, 434, 1, 'Reproduce locally');
INSERT INTO options (id, question_id, option_index, option_text) VALUES (1575, 434, 2, 'Assess impact and stabilize the system');
INSERT INTO options (id, question_id, option_index, option_text) VALUES (1576, 434, 3, 'Roll back all services');
INSERT INTO questions (id, external_id, subtopic_id, question, question_type, correct_answer, correct_index, explanation, learn) VALUES (435, 'dbg_002', 24, 'What is root cause analysis (RCA)?', 'multiple_choice', 'Identifying the underlying cause of an issue', 1, 'RCA prevents recurrence.', NULL);
INSERT INTO options (id, question_id, option_index, option_text) VALUES (1577, 435, 0, 'Fixing the symptom');
INSERT INTO options (id, question_id, option_index, option_text) VALUES (1578, 435, 1, 'Identifying the underlying cause of an issue');
INSERT INTO options (id, question_id, option_index, option_text) VALUES (1579, 435, 2, 'Writing more tests');
INSERT INTO options (id, question_id, option_index, option_text) VALUES (1580, 435, 3, 'Scaling infrastructure');
INSERT INTO questions (id, external_id, subtopic_id, question, question_type, correct_answer, correct_index, explanation, learn) VALUES (436, 'dbg_003', 24, 'What is a rollback primarily used for?', 'multiple_choice', 'Reverting to a known good state', 1, 'Rollbacks quickly restore stability.', NULL);
INSERT INTO options (id, question_id, option_index, option_text) VALUES (1581, 436, 0, 'Improving performance');
INSERT INTO options (id, question_id, option_index, option_text) VALUES (1582, 436, 1, 'Reverting to a known good state');
INSERT INTO options (id, question_id, option_index, option_text) VALUES (1583, 436, 2, 'Cleaning up logs');
INSERT INTO options (id, question_id, option_index, option_text) VALUES (1584, 436, 3, 'Reducing cloud costs');
INSERT INTO questions (id, external_id, subtopic_id, question, question_type, correct_answer, correct_index, explanation, learn) VALUES (437, 'dbg_004', 24, 'What is a common cause of intermittent production bugs?', 'multiple_choice', 'Race conditions', 1, 'Concurrency issues cause intermittent failures.', NULL);
INSERT INTO options (id, question_id, option_index, option_text) VALUES (1585, 437, 0, 'Syntax errors');
INSERT INTO options (id, question_id, option_index, option_text) VALUES (1586, 437, 1, 'Race conditions');
INSERT INTO options (id, question_id, option_index, option_text) VALUES (1587, 437, 2, 'Missing semicolons');
INSERT INTO options (id, question_id, option_index, option_text) VALUES (1588, 437, 3, 'Typos in variable names');
INSERT INTO questions (id, external_id, subtopic_id, question, question_type, correct_answer, correct_index, explanation, learn) VALUES (438, 'dbg_005', 24, 'Why are production logs critical for debugging?', 'multiple_choice', 'They provide visibility into real system behavior', 1, 'Logs reveal what actually happened.', NULL);
INSERT INTO options (id, question_id, option_index, option_text) VALUES (1589, 438, 0, 'They reduce memory usage');
INSERT INTO options (id, question_id, option_index, option_text) VALUES (1590, 438, 1, 'They provide visibility into real system behavior');
INSERT INTO options (id, question_id, option_index, option_text) VALUES (1591, 438, 2, 'They speed up deployments');
INSERT INTO options (id, question_id, option_index, option_text) VALUES (1592, 438, 3, 'They encrypt traffic');
INSERT INTO questions (id, external_id, subtopic_id, question, question_type, correct_answer, correct_index, explanation, learn) VALUES (439, 'dbg_006', 24, 'What is a blameless postmortem?', 'multiple_choice', 'Focusing on system improvements instead of blame', 2, 'Blameless culture improves reliability.', NULL);
INSERT INTO options (id, question_id, option_index, option_text) VALUES (1593, 439, 0, 'Assigning fault to individuals');
INSERT INTO options (id, question_id, option_index, option_text) VALUES (1594, 439, 1, 'Ignoring the incident');
INSERT INTO options (id, question_id, option_index, option_text) VALUES (1595, 439, 2, 'Focusing on system improvements instead of blame');
INSERT INTO options (id, question_id, option_index, option_text) VALUES (1596, 439, 3, 'Skipping documentation');
INSERT INTO questions (id, external_id, subtopic_id, question, question_type, correct_answer, correct_index, explanation, learn) VALUES (440, 'dbg_007', 24, 'What is a canary deployment useful for?', 'multiple_choice', 'Detecting issues with a small subset of users', 1, 'Canary releases limit blast radius.', NULL);
INSERT INTO options (id, question_id, option_index, option_text) VALUES (1597, 440, 0, 'Testing in development');
INSERT INTO options (id, question_id, option_index, option_text) VALUES (1598, 440, 1, 'Detecting issues with a small subset of users');
INSERT INTO options (id, question_id, option_index, option_text) VALUES (1599, 440, 2, 'Increasing cache hit rate');
INSERT INTO options (id, question_id, option_index, option_text) VALUES (1600, 440, 3, 'Running background jobs');
INSERT INTO questions (id, external_id, subtopic_id, question, question_type, correct_answer, correct_index, explanation, learn) VALUES (441, 'dbg_008', 24, 'What is log correlation used for?', 'multiple_choice', 'Linking related log entries across services', 1, 'Correlation IDs help trace flows.', NULL);
INSERT INTO options (id, question_id, option_index, option_text) VALUES (1601, 441, 0, 'Compressing logs');
INSERT INTO options (id, question_id, option_index, option_text) VALUES (1602, 441, 1, 'Linking related log entries across services');
INSERT INTO options (id, question_id, option_index, option_text) VALUES (1603, 441, 2, 'Reducing log volume');
INSERT INTO options (id, question_id, option_index, option_text) VALUES (1604, 441, 3, 'Encrypting logs');
INSERT INTO questions (id, external_id, subtopic_id, question, question_type, correct_answer, correct_index, explanation, learn) VALUES (442, 'dbg_009', 24, 'What does mean time to recovery (MTTR) measure?', 'multiple_choice', 'Average time to restore service after failure', 1, 'MTTR measures operational responsiveness.', NULL);
INSERT INTO options (id, question_id, option_index, option_text) VALUES (1605, 442, 0, 'Time between deployments');
INSERT INTO options (id, question_id, option_index, option_text) VALUES (1606, 442, 1, 'Average time to restore service after failure');
INSERT INTO options (id, question_id, option_index, option_text) VALUES (1607, 442, 2, 'Average request latency');
INSERT INTO options (id, question_id, option_index, option_text) VALUES (1608, 442, 3, 'Time to detect a bug');
INSERT INTO questions (id, external_id, subtopic_id, question, question_type, correct_answer, correct_index, explanation, learn) VALUES (443, 'dbg_010', 24, 'What is a common cause of memory leaks in production?', 'multiple_choice', 'Objects not being released or referenced', 1, 'Leaked references prevent garbage collection.', NULL);
INSERT INTO options (id, question_id, option_index, option_text) VALUES (1609, 443, 0, 'Too many logs');
INSERT INTO options (id, question_id, option_index, option_text) VALUES (1610, 443, 1, 'Objects not being released or referenced');
INSERT INTO options (id, question_id, option_index, option_text) VALUES (1611, 443, 2, 'Slow network');
INSERT INTO options (id, question_id, option_index, option_text) VALUES (1612, 443, 3, 'Missing indexes');
INSERT INTO questions (id, external_id, subtopic_id, question, question_type, correct_answer, correct_index, explanation, learn) VALUES (444, 'dbg_011', 24, 'Why is reproducing a bug important?', 'multiple_choice', 'It confirms understanding and validates fixes', 1, 'Reproduction ensures correct diagnosis.', NULL);
INSERT INTO options (id, question_id, option_index, option_text) VALUES (1613, 444, 0, 'It makes the bug disappear');
INSERT INTO options (id, question_id, option_index, option_text) VALUES (1614, 444, 1, 'It confirms understanding and validates fixes');
INSERT INTO options (id, question_id, option_index, option_text) VALUES (1615, 444, 2, 'It reduces cloud costs');
INSERT INTO options (id, question_id, option_index, option_text) VALUES (1616, 444, 3, 'It speeds up UI rendering');
INSERT INTO questions (id, external_id, subtopic_id, question, question_type, correct_answer, correct_index, explanation, learn) VALUES (445, 'dbg_012', 24, 'What is feature flagging used for?', 'multiple_choice', 'Enabling/disabling features without redeploying', 1, 'Feature flags reduce deployment risk.', NULL);
INSERT INTO options (id, question_id, option_index, option_text) VALUES (1617, 445, 0, 'Styling UI');
INSERT INTO options (id, question_id, option_index, option_text) VALUES (1618, 445, 1, 'Enabling/disabling features without redeploying');
INSERT INTO options (id, question_id, option_index, option_text) VALUES (1619, 445, 2, 'Encrypting traffic');
INSERT INTO options (id, question_id, option_index, option_text) VALUES (1620, 445, 3, 'Managing secrets');
INSERT INTO questions (id, external_id, subtopic_id, question, question_type, correct_answer, correct_index, explanation, learn) VALUES (446, 'dbg_013', 24, 'What is a common indicator of a database bottleneck?', 'multiple_choice', 'High query latency and connection saturation', 1, 'DB bottlenecks show up in latency and connections.', NULL);
INSERT INTO options (id, question_id, option_index, option_text) VALUES (1621, 446, 0, 'High cache hit rate');
INSERT INTO options (id, question_id, option_index, option_text) VALUES (1622, 446, 1, 'High query latency and connection saturation');
INSERT INTO options (id, question_id, option_index, option_text) VALUES (1623, 446, 2, 'Low CPU usage');
INSERT INTO options (id, question_id, option_index, option_text) VALUES (1624, 446, 3, 'Fast deployments');
INSERT INTO questions (id, external_id, subtopic_id, question, question_type, correct_answer, correct_index, explanation, learn) VALUES (447, 'dbg_014', 24, 'What is a hotfix?', 'multiple_choice', 'An urgent production patch', 1, 'Hotfixes address critical issues quickly.', NULL);
INSERT INTO options (id, question_id, option_index, option_text) VALUES (1625, 447, 0, 'A planned feature release');
INSERT INTO options (id, question_id, option_index, option_text) VALUES (1626, 447, 1, 'An urgent production patch');
INSERT INTO options (id, question_id, option_index, option_text) VALUES (1627, 447, 2, 'A test-only change');
INSERT INTO options (id, question_id, option_index, option_text) VALUES (1628, 447, 3, 'A database migration');
INSERT INTO questions (id, external_id, subtopic_id, question, question_type, correct_answer, correct_index, explanation, learn) VALUES (448, 'dbg_015', 24, 'Why are dashboards important during incidents?', 'multiple_choice', 'To visualize system health and trends', 1, 'Dashboards support fast diagnosis.', NULL);
INSERT INTO options (id, question_id, option_index, option_text) VALUES (1629, 448, 0, 'For UI testing');
INSERT INTO options (id, question_id, option_index, option_text) VALUES (1630, 448, 1, 'To visualize system health and trends');
INSERT INTO options (id, question_id, option_index, option_text) VALUES (1631, 448, 2, 'To deploy code');
INSERT INTO options (id, question_id, option_index, option_text) VALUES (1632, 448, 3, 'To rotate logs');
INSERT INTO questions (id, external_id, subtopic_id, question, question_type, correct_answer, correct_index, explanation, learn) VALUES (449, 'dbg_016', 24, 'What is a common anti-pattern during incidents?', 'multiple_choice', 'Making multiple uncoordinated changes', 1, 'This increases risk and confusion.', NULL);
INSERT INTO options (id, question_id, option_index, option_text) VALUES (1633, 449, 0, 'Communicating status');
INSERT INTO options (id, question_id, option_index, option_text) VALUES (1634, 449, 1, 'Making multiple uncoordinated changes');
INSERT INTO options (id, question_id, option_index, option_text) VALUES (1635, 449, 2, 'Rolling back');
INSERT INTO options (id, question_id, option_index, option_text) VALUES (1636, 449, 3, 'Checking metrics');
INSERT INTO questions (id, external_id, subtopic_id, question, question_type, correct_answer, correct_index, explanation, learn) VALUES (450, 'dbg_017', 24, 'What does “time to detect” measure?', 'multiple_choice', 'Time from issue occurrence to detection', 1, 'Faster detection reduces impact.', NULL);
INSERT INTO options (id, question_id, option_index, option_text) VALUES (1637, 450, 0, 'Time to deploy');
INSERT INTO options (id, question_id, option_index, option_text) VALUES (1638, 450, 1, 'Time from issue occurrence to detection');
INSERT INTO options (id, question_id, option_index, option_text) VALUES (1639, 450, 2, 'Time to fix');
INSERT INTO options (id, question_id, option_index, option_text) VALUES (1640, 450, 3, 'Time to test');
INSERT INTO questions (id, external_id, subtopic_id, question, question_type, correct_answer, correct_index, explanation, learn) VALUES (451, 'dbg_018', 24, 'What is a synthetic check?', 'multiple_choice', 'A scripted probe simulating user behavior', 1, 'Synthetic monitoring detects issues proactively.', NULL);
INSERT INTO options (id, question_id, option_index, option_text) VALUES (1641, 451, 0, 'A unit test');
INSERT INTO options (id, question_id, option_index, option_text) VALUES (1642, 451, 1, 'A scripted probe simulating user behavior');
INSERT INTO options (id, question_id, option_index, option_text) VALUES (1643, 451, 2, 'A database migration');
INSERT INTO options (id, question_id, option_index, option_text) VALUES (1644, 451, 3, 'A load balancer rule');
INSERT INTO questions (id, external_id, subtopic_id, question, question_type, correct_answer, correct_index, explanation, learn) VALUES (452, 'dbg_019', 24, 'What is log sampling?', 'multiple_choice', 'Storing only a subset of logs', 1, 'Sampling reduces volume and cost.', NULL);
INSERT INTO options (id, question_id, option_index, option_text) VALUES (1645, 452, 0, 'Deleting logs');
INSERT INTO options (id, question_id, option_index, option_text) VALUES (1646, 452, 1, 'Storing only a subset of logs');
INSERT INTO options (id, question_id, option_index, option_text) VALUES (1647, 452, 2, 'Encrypting logs');
INSERT INTO options (id, question_id, option_index, option_text) VALUES (1648, 452, 3, 'Indexing logs');
INSERT INTO questions (id, external_id, subtopic_id, question, question_type, correct_answer, correct_index, explanation, learn) VALUES (453, 'dbg_020', 24, 'What is a runbook?', 'multiple_choice', 'A documented set of steps for handling incidents', 1, 'Runbooks improve response consistency.', NULL);
INSERT INTO options (id, question_id, option_index, option_text) VALUES (1649, 453, 0, 'A deployment script');
INSERT INTO options (id, question_id, option_index, option_text) VALUES (1650, 453, 1, 'A documented set of steps for handling incidents');
INSERT INTO options (id, question_id, option_index, option_text) VALUES (1651, 453, 2, 'A CI pipeline');
INSERT INTO options (id, question_id, option_index, option_text) VALUES (1652, 453, 3, 'A log file');
INSERT INTO questions (id, external_id, subtopic_id, question, question_type, correct_answer, correct_index, explanation, learn) VALUES (454, 'sec_001', 25, 'What is the most common cause of SQL injection vulnerabilities?', 'multiple_choice', 'Concatenating untrusted input into SQL queries', 1, 'Unsanitized input allows attackers to inject SQL.', NULL);
INSERT INTO options (id, question_id, option_index, option_text) VALUES (1653, 454, 0, 'Weak encryption algorithms');
INSERT INTO options (id, question_id, option_index, option_text) VALUES (1654, 454, 1, 'Concatenating untrusted input into SQL queries');
INSERT INTO options (id, question_id, option_index, option_text) VALUES (1655, 454, 2, 'Missing database indexes');
INSERT INTO options (id, question_id, option_index, option_text) VALUES (1656, 454, 3, 'Using ORM libraries');
INSERT INTO questions (id, external_id, subtopic_id, question, question_type, correct_answer, correct_index, explanation, learn) VALUES (455, 'sec_002', 25, 'What is the best way to prevent SQL injection?', 'multiple_choice', 'Using parameterized queries or prepared statements', 1, 'Parameters separate data from code.', NULL);
INSERT INTO options (id, question_id, option_index, option_text) VALUES (1657, 455, 0, 'Escaping user input manually');
INSERT INTO options (id, question_id, option_index, option_text) VALUES (1658, 455, 1, 'Using parameterized queries or prepared statements');
INSERT INTO options (id, question_id, option_index, option_text) VALUES (1659, 455, 2, 'Blocking special characters');
INSERT INTO options (id, question_id, option_index, option_text) VALUES (1660, 455, 3, 'Using string concatenation carefully');
INSERT INTO questions (id, external_id, subtopic_id, question, question_type, correct_answer, correct_index, explanation, learn) VALUES (456, 'sec_003', 25, 'What is Cross-Site Scripting (XSS)?', 'multiple_choice', 'Executing malicious scripts in a victim’s browser', 0, 'XSS injects client-side scripts.', NULL);
INSERT INTO options (id, question_id, option_index, option_text) VALUES (1661, 456, 0, 'Executing malicious scripts in a victim’s browser');
INSERT INTO options (id, question_id, option_index, option_text) VALUES (1662, 456, 1, 'Stealing database records');
INSERT INTO options (id, question_id, option_index, option_text) VALUES (1663, 456, 2, 'Crashing backend servers');
INSERT INTO options (id, question_id, option_index, option_text) VALUES (1664, 456, 3, 'Bypassing authentication');
INSERT INTO questions (id, external_id, subtopic_id, question, question_type, correct_answer, correct_index, explanation, learn) VALUES (457, 'sec_004', 25, 'What is the most effective defense against XSS?', 'multiple_choice', 'Output encoding / escaping', 1, 'Encoding prevents script execution in browsers.', NULL);
INSERT INTO options (id, question_id, option_index, option_text) VALUES (1665, 457, 0, 'Input validation only');
INSERT INTO options (id, question_id, option_index, option_text) VALUES (1666, 457, 1, 'Output encoding / escaping');
INSERT INTO options (id, question_id, option_index, option_text) VALUES (1667, 457, 2, 'Using HTTPS');
INSERT INTO options (id, question_id, option_index, option_text) VALUES (1668, 457, 3, 'Hashing user input');
INSERT INTO questions (id, external_id, subtopic_id, question, question_type, correct_answer, correct_index, explanation, learn) VALUES (458, 'sec_005', 25, 'What is Cross-Site Request Forgery (CSRF)?', 'multiple_choice', 'Forcing a user to perform unintended actions', 1, 'CSRF exploits authenticated sessions.', NULL);
INSERT INTO options (id, question_id, option_index, option_text) VALUES (1669, 458, 0, 'Injecting scripts into web pages');
INSERT INTO options (id, question_id, option_index, option_text) VALUES (1670, 458, 1, 'Forcing a user to perform unintended actions');
INSERT INTO options (id, question_id, option_index, option_text) VALUES (1671, 458, 2, 'Stealing session cookies');
INSERT INTO options (id, question_id, option_index, option_text) VALUES (1672, 458, 3, 'Cracking passwords');
INSERT INTO questions (id, external_id, subtopic_id, question, question_type, correct_answer, correct_index, explanation, learn) VALUES (459, 'sec_006', 25, 'How is CSRF commonly prevented?', 'multiple_choice', 'CSRF tokens', 1, 'Tokens bind requests to user sessions.', 'Cross-Site Request Forgery (CSRF) is an attack where a malicious website tricks a user''s browser into performing an unwanted action on a trusted site where the user is currently authenticated. Because the browser automatically sends session cookies with requests to the trusted site, the application perceives these forged requests as legitimate, allowing the attacker to manipulate the user''s account.

To prevent this, a common strategy involves generating a unique, secret, and unpredictable value on the server side. This value is then embedded within all state-changing forms or requests that the user might initiate. When the server receives a request, it verifies that this specific value is present and correct.

If the value is missing or doesn''t match what the server expects, the request is rejected. This makes it very difficult for an attacker to forge a valid request from a different domain, as they would not know the unique secret value required for a successful submission. This method effectively distinguishes legitimate user-initiated actions from malicious, forged requests.');
INSERT INTO options (id, question_id, option_index, option_text) VALUES (1673, 459, 0, 'Using HTTPS');
INSERT INTO options (id, question_id, option_index, option_text) VALUES (1674, 459, 1, 'CSRF tokens');
INSERT INTO options (id, question_id, option_index, option_text) VALUES (1675, 459, 2, 'Hashing passwords');
INSERT INTO options (id, question_id, option_index, option_text) VALUES (1676, 459, 3, 'Encrypting cookies');
INSERT INTO questions (id, external_id, subtopic_id, question, question_type, correct_answer, correct_index, explanation, learn) VALUES (460, 'sec_007', 25, 'Why should passwords never be stored in plain text?', 'multiple_choice', 'It exposes users if the database is compromised', 2, 'Plain text leaks credentials immediately.', NULL);
INSERT INTO options (id, question_id, option_index, option_text) VALUES (1677, 460, 0, 'It uses too much memory');
INSERT INTO options (id, question_id, option_index, option_text) VALUES (1678, 460, 1, 'It is slow to query');
INSERT INTO options (id, question_id, option_index, option_text) VALUES (1679, 460, 2, 'It exposes users if the database is compromised');
INSERT INTO options (id, question_id, option_index, option_text) VALUES (1680, 460, 3, 'It breaks indexing');
INSERT INTO questions (id, external_id, subtopic_id, question, question_type, correct_answer, correct_index, explanation, learn) VALUES (461, 'sec_008', 25, 'What is the recommended way to store passwords?', 'multiple_choice', 'Hash them with a slow, adaptive hash (bcrypt, Argon2, scrypt)', 2, 'Slow hashes resist brute force attacks.', NULL);
INSERT INTO options (id, question_id, option_index, option_text) VALUES (1681, 461, 0, 'Encrypt them');
INSERT INTO options (id, question_id, option_index, option_text) VALUES (1682, 461, 1, 'Hash them with a fast hash');
INSERT INTO options (id, question_id, option_index, option_text) VALUES (1683, 461, 2, 'Hash them with a slow, adaptive hash (bcrypt, Argon2, scrypt)');
INSERT INTO options (id, question_id, option_index, option_text) VALUES (1684, 461, 3, 'Base64 encode them');
INSERT INTO questions (id, external_id, subtopic_id, question, question_type, correct_answer, correct_index, explanation, learn) VALUES (462, 'sec_009', 25, 'What is the purpose of salting passwords?', 'multiple_choice', 'To prevent rainbow table attacks', 2, 'Salts make precomputed hashes ineffective.', NULL);
INSERT INTO options (id, question_id, option_index, option_text) VALUES (1685, 462, 0, 'To make them shorter');
INSERT INTO options (id, question_id, option_index, option_text) VALUES (1686, 462, 1, 'To make them easier to remember');
INSERT INTO options (id, question_id, option_index, option_text) VALUES (1687, 462, 2, 'To prevent rainbow table attacks');
INSERT INTO options (id, question_id, option_index, option_text) VALUES (1688, 462, 3, 'To speed up hashing');
INSERT INTO questions (id, external_id, subtopic_id, question, question_type, correct_answer, correct_index, explanation, learn) VALUES (463, 'sec_010', 25, 'What is principle of least privilege?', 'multiple_choice', 'Giving components only the access they need', 1, 'Reduces blast radius of compromises.', NULL);
INSERT INTO options (id, question_id, option_index, option_text) VALUES (1689, 463, 0, 'Giving users admin access');
INSERT INTO options (id, question_id, option_index, option_text) VALUES (1690, 463, 1, 'Giving components only the access they need');
INSERT INTO options (id, question_id, option_index, option_text) VALUES (1691, 463, 2, 'Sharing credentials across services');
INSERT INTO options (id, question_id, option_index, option_text) VALUES (1692, 463, 3, 'Using root accounts for simplicity');
INSERT INTO questions (id, external_id, subtopic_id, question, question_type, correct_answer, correct_index, explanation, learn) VALUES (464, 'sec_011', 25, 'What is a common vulnerability when handling file uploads?', 'multiple_choice', 'Allowing execution of uploaded files', 1, 'Attackers can upload malicious code.', NULL);
INSERT INTO options (id, question_id, option_index, option_text) VALUES (1693, 464, 0, 'Large file size');
INSERT INTO options (id, question_id, option_index, option_text) VALUES (1694, 464, 1, 'Allowing execution of uploaded files');
INSERT INTO options (id, question_id, option_index, option_text) VALUES (1695, 464, 2, 'Using HTTPS');
INSERT INTO options (id, question_id, option_index, option_text) VALUES (1696, 464, 3, 'Compressing files');
INSERT INTO questions (id, external_id, subtopic_id, question, question_type, correct_answer, correct_index, explanation, learn) VALUES (465, 'sec_012', 25, 'What is path traversal?', 'multiple_choice', 'Accessing files outside intended directories', 1, '../ can be used to escape directories.', NULL);
INSERT INTO options (id, question_id, option_index, option_text) VALUES (1697, 465, 0, 'Navigating UI menus');
INSERT INTO options (id, question_id, option_index, option_text) VALUES (1698, 465, 1, 'Accessing files outside intended directories');
INSERT INTO options (id, question_id, option_index, option_text) VALUES (1699, 465, 2, 'Uploading large files');
INSERT INTO options (id, question_id, option_index, option_text) VALUES (1700, 465, 3, 'Renaming files');
INSERT INTO questions (id, external_id, subtopic_id, question, question_type, correct_answer, correct_index, explanation, learn) VALUES (466, 'sec_013', 25, 'Why should secrets not be hardcoded in source code?', 'multiple_choice', 'They can be leaked via source control', 2, 'Hardcoded secrets often leak.', NULL);
INSERT INTO options (id, question_id, option_index, option_text) VALUES (1701, 466, 0, 'They increase binary size');
INSERT INTO options (id, question_id, option_index, option_text) VALUES (1702, 466, 1, 'They slow down compilation');
INSERT INTO options (id, question_id, option_index, option_text) VALUES (1703, 466, 2, 'They can be leaked via source control');
INSERT INTO options (id, question_id, option_index, option_text) VALUES (1704, 466, 3, 'They break CI pipelines');
INSERT INTO questions (id, external_id, subtopic_id, question, question_type, correct_answer, correct_index, explanation, learn) VALUES (467, 'sec_014', 25, 'What is a secure way to manage application secrets?', 'multiple_choice', 'Store them in environment variables or secret managers', 1, 'Centralized secret management improves security.', NULL);
INSERT INTO options (id, question_id, option_index, option_text) VALUES (1705, 467, 0, 'Store them in source files');
INSERT INTO options (id, question_id, option_index, option_text) VALUES (1706, 467, 1, 'Store them in environment variables or secret managers');
INSERT INTO options (id, question_id, option_index, option_text) VALUES (1707, 467, 2, 'Email them to developers');
INSERT INTO options (id, question_id, option_index, option_text) VALUES (1708, 467, 3, 'Put them in logs');
INSERT INTO questions (id, external_id, subtopic_id, question, question_type, correct_answer, correct_index, explanation, learn) VALUES (468, 'sec_015', 25, 'What is input validation primarily used for?', 'multiple_choice', 'Preventing invalid or malicious input', 1, 'Validation reduces attack surface.', NULL);
INSERT INTO options (id, question_id, option_index, option_text) VALUES (1709, 468, 0, 'Improving UI performance');
INSERT INTO options (id, question_id, option_index, option_text) VALUES (1710, 468, 1, 'Preventing invalid or malicious input');
INSERT INTO options (id, question_id, option_index, option_text) VALUES (1711, 468, 2, 'Speeding up queries');
INSERT INTO options (id, question_id, option_index, option_text) VALUES (1712, 468, 3, 'Encrypting data');
INSERT INTO questions (id, external_id, subtopic_id, question, question_type, correct_answer, correct_index, explanation, learn) VALUES (469, 'sec_016', 25, 'What is output encoding primarily used for?', 'multiple_choice', 'Preventing XSS', 1, 'Encoding neutralizes executable content.', NULL);
INSERT INTO options (id, question_id, option_index, option_text) VALUES (1713, 469, 0, 'Compressing responses');
INSERT INTO options (id, question_id, option_index, option_text) VALUES (1714, 469, 1, 'Preventing XSS');
INSERT INTO options (id, question_id, option_index, option_text) VALUES (1715, 469, 2, 'Encrypting traffic');
INSERT INTO options (id, question_id, option_index, option_text) VALUES (1716, 469, 3, 'Improving SEO');
INSERT INTO questions (id, external_id, subtopic_id, question, question_type, correct_answer, correct_index, explanation, learn) VALUES (470, 'sec_017', 25, 'Why is logging sensitive data dangerous?', 'multiple_choice', 'Logs may be accessible to many systems and people', 1, 'Logs often have weaker access controls.', NULL);
INSERT INTO options (id, question_id, option_index, option_text) VALUES (1717, 470, 0, 'Logs are slow');
INSERT INTO options (id, question_id, option_index, option_text) VALUES (1718, 470, 1, 'Logs may be accessible to many systems and people');
INSERT INTO options (id, question_id, option_index, option_text) VALUES (1719, 470, 2, 'Logs increase disk usage');
INSERT INTO options (id, question_id, option_index, option_text) VALUES (1720, 470, 3, 'Logs reduce performance');
INSERT INTO questions (id, external_id, subtopic_id, question, question_type, correct_answer, correct_index, explanation, learn) VALUES (471, 'sec_018', 25, 'What is a common authentication mistake?', 'multiple_choice', 'Implementing custom crypto', 2, 'Custom crypto is error-prone.', NULL);
INSERT INTO options (id, question_id, option_index, option_text) VALUES (1721, 471, 0, 'Using MFA');
INSERT INTO options (id, question_id, option_index, option_text) VALUES (1722, 471, 1, 'Storing session IDs securely');
INSERT INTO options (id, question_id, option_index, option_text) VALUES (1723, 471, 2, 'Implementing custom crypto');
INSERT INTO options (id, question_id, option_index, option_text) VALUES (1724, 471, 3, 'Hashing passwords');
INSERT INTO questions (id, external_id, subtopic_id, question, question_type, correct_answer, correct_index, explanation, learn) VALUES (472, 'sec_019', 25, 'What is the risk of using outdated dependencies?', 'multiple_choice', 'Known security vulnerabilities', 2, 'Old versions may contain exploitable flaws.', NULL);
INSERT INTO options (id, question_id, option_index, option_text) VALUES (1725, 472, 0, 'Slower builds');
INSERT INTO options (id, question_id, option_index, option_text) VALUES (1726, 472, 1, 'Missing features');
INSERT INTO options (id, question_id, option_index, option_text) VALUES (1727, 472, 2, 'Known security vulnerabilities');
INSERT INTO options (id, question_id, option_index, option_text) VALUES (1728, 472, 3, 'Larger binaries');
INSERT INTO questions (id, external_id, subtopic_id, question, question_type, correct_answer, correct_index, explanation, learn) VALUES (473, 'sec_020', 25, 'What is a security header used for?', 'multiple_choice', 'Controlling browser security behavior', 1, 'Headers like CSP, HSTS improve security.', NULL);
INSERT INTO options (id, question_id, option_index, option_text) VALUES (1729, 473, 0, 'Improving UI speed');
INSERT INTO options (id, question_id, option_index, option_text) VALUES (1730, 473, 1, 'Controlling browser security behavior');
INSERT INTO options (id, question_id, option_index, option_text) VALUES (1731, 473, 2, 'Compressing HTTP responses');
INSERT INTO options (id, question_id, option_index, option_text) VALUES (1732, 473, 3, 'Caching API responses');
INSERT INTO questions (id, external_id, subtopic_id, question, question_type, correct_answer, correct_index, explanation, learn) VALUES (474, 'sd_001', 26, 'What is the main goal of system design?', 'multiple_choice', 'Build a system that meets requirements and scales reliably', 1, 'System design balances correctness, scalability, reliability, and maintainability.', NULL);
INSERT INTO options (id, question_id, option_index, option_text) VALUES (1733, 474, 0, 'Write as much code as possible');
INSERT INTO options (id, question_id, option_index, option_text) VALUES (1734, 474, 1, 'Build a system that meets requirements and scales reliably');
INSERT INTO options (id, question_id, option_index, option_text) VALUES (1735, 474, 2, 'Minimize infrastructure cost only');
INSERT INTO options (id, question_id, option_index, option_text) VALUES (1736, 474, 3, 'Avoid using third-party services');
INSERT INTO questions (id, external_id, subtopic_id, question, question_type, correct_answer, correct_index, explanation, learn) VALUES (475, 'sd_002', 26, 'What does horizontal scaling mean?', 'multiple_choice', 'Adding more machines to distribute load', 2, 'Horizontal scaling improves capacity by adding nodes.', NULL);
INSERT INTO options (id, question_id, option_index, option_text) VALUES (1737, 475, 0, 'Adding more CPU to a single server');
INSERT INTO options (id, question_id, option_index, option_text) VALUES (1738, 475, 1, 'Adding more memory to a single server');
INSERT INTO options (id, question_id, option_index, option_text) VALUES (1739, 475, 2, 'Adding more machines to distribute load');
INSERT INTO options (id, question_id, option_index, option_text) VALUES (1740, 475, 3, 'Upgrading disk speed');
INSERT INTO questions (id, external_id, subtopic_id, question, question_type, correct_answer, correct_index, explanation, learn) VALUES (476, 'sd_003', 26, 'What is vertical scaling?', 'multiple_choice', 'Increasing resources of a single machine', 2, 'Vertical scaling means upgrading a single node.', NULL);
INSERT INTO options (id, question_id, option_index, option_text) VALUES (1741, 476, 0, 'Adding more machines');
INSERT INTO options (id, question_id, option_index, option_text) VALUES (1742, 476, 1, 'Adding more users');
INSERT INTO options (id, question_id, option_index, option_text) VALUES (1743, 476, 2, 'Increasing resources of a single machine');
INSERT INTO options (id, question_id, option_index, option_text) VALUES (1744, 476, 3, 'Adding more regions');
INSERT INTO questions (id, external_id, subtopic_id, question, question_type, correct_answer, correct_index, explanation, learn) VALUES (477, 'sd_004', 26, 'What is a load balancer primarily used for?', 'multiple_choice', 'Distributing traffic across multiple servers', 1, 'Load balancers improve availability and scalability.', NULL);
INSERT INTO options (id, question_id, option_index, option_text) VALUES (1745, 477, 0, 'Encrypting traffic');
INSERT INTO options (id, question_id, option_index, option_text) VALUES (1746, 477, 1, 'Distributing traffic across multiple servers');
INSERT INTO options (id, question_id, option_index, option_text) VALUES (1747, 477, 2, 'Storing user sessions');
INSERT INTO options (id, question_id, option_index, option_text) VALUES (1748, 477, 3, 'Monitoring application logs');
INSERT INTO questions (id, external_id, subtopic_id, question, question_type, correct_answer, correct_index, explanation, learn) VALUES (478, 'sd_005', 26, 'What is a single point of failure?', 'multiple_choice', 'A component whose failure brings down the entire system', 1, 'SPOFs reduce system reliability.', NULL);
INSERT INTO options (id, question_id, option_index, option_text) VALUES (1749, 478, 0, 'A slow database query');
INSERT INTO options (id, question_id, option_index, option_text) VALUES (1750, 478, 1, 'A component whose failure brings down the entire system');
INSERT INTO options (id, question_id, option_index, option_text) VALUES (1751, 478, 2, 'A redundant server');
INSERT INTO options (id, question_id, option_index, option_text) VALUES (1752, 478, 3, 'A background job');
INSERT INTO questions (id, external_id, subtopic_id, question, question_type, correct_answer, correct_index, explanation, learn) VALUES (479, 'sd_006', 26, 'Why is stateless service design beneficial?', 'multiple_choice', 'It allows easier horizontal scaling', 1, 'Stateless services can be replicated easily.', NULL);
INSERT INTO options (id, question_id, option_index, option_text) VALUES (1753, 479, 0, 'It reduces memory usage');
INSERT INTO options (id, question_id, option_index, option_text) VALUES (1754, 479, 1, 'It allows easier horizontal scaling');
INSERT INTO options (id, question_id, option_index, option_text) VALUES (1755, 479, 2, 'It improves database consistency');
INSERT INTO options (id, question_id, option_index, option_text) VALUES (1756, 479, 3, 'It eliminates network latency');
INSERT INTO questions (id, external_id, subtopic_id, question, question_type, correct_answer, correct_index, explanation, learn) VALUES (480, 'sd_007', 26, 'What is eventual consistency?', 'multiple_choice', 'Data becomes consistent over time', 1, 'Eventual consistency allows temporary divergence.', NULL);
INSERT INTO options (id, question_id, option_index, option_text) VALUES (1757, 480, 0, 'Data is always immediately consistent');
INSERT INTO options (id, question_id, option_index, option_text) VALUES (1758, 480, 1, 'Data becomes consistent over time');
INSERT INTO options (id, question_id, option_index, option_text) VALUES (1759, 480, 2, 'Data is never consistent');
INSERT INTO options (id, question_id, option_index, option_text) VALUES (1760, 480, 3, 'Data is only consistent in memory');
INSERT INTO questions (id, external_id, subtopic_id, question, question_type, correct_answer, correct_index, explanation, learn) VALUES (481, 'sd_008', 26, 'What problem does caching primarily solve?', 'multiple_choice', 'High latency and load on backend systems', 1, 'Caching reduces repeated expensive operations.', NULL);
INSERT INTO options (id, question_id, option_index, option_text) VALUES (1761, 481, 0, 'Data loss');
INSERT INTO options (id, question_id, option_index, option_text) VALUES (1762, 481, 1, 'High latency and load on backend systems');
INSERT INTO options (id, question_id, option_index, option_text) VALUES (1763, 481, 2, 'Authentication failures');
INSERT INTO options (id, question_id, option_index, option_text) VALUES (1764, 481, 3, 'Network outages');
INSERT INTO questions (id, external_id, subtopic_id, question, question_type, correct_answer, correct_index, explanation, learn) VALUES (482, 'sd_009', 26, 'What is a read replica used for?', 'multiple_choice', 'Handling read traffic separately from writes', 1, 'Read replicas scale read-heavy workloads.', NULL);
INSERT INTO options (id, question_id, option_index, option_text) VALUES (1765, 482, 0, 'Writing data faster');
INSERT INTO options (id, question_id, option_index, option_text) VALUES (1766, 482, 1, 'Handling read traffic separately from writes');
INSERT INTO options (id, question_id, option_index, option_text) VALUES (1767, 482, 2, 'Encrypting database traffic');
INSERT INTO options (id, question_id, option_index, option_text) VALUES (1768, 482, 3, 'Running backups');
INSERT INTO questions (id, external_id, subtopic_id, question, question_type, correct_answer, correct_index, explanation, learn) VALUES (483, 'sd_010', 26, 'What is a message queue commonly used for?', 'multiple_choice', 'Decoupling services and handling asynchronous work', 1, 'Queues improve resilience and async processing.', NULL);
INSERT INTO options (id, question_id, option_index, option_text) VALUES (1769, 483, 0, 'Synchronous API calls');
INSERT INTO options (id, question_id, option_index, option_text) VALUES (1770, 483, 1, 'Decoupling services and handling asynchronous work');
INSERT INTO options (id, question_id, option_index, option_text) VALUES (1771, 483, 2, 'Storing user sessions');
INSERT INTO options (id, question_id, option_index, option_text) VALUES (1772, 483, 3, 'Encrypting messages');
INSERT INTO questions (id, external_id, subtopic_id, question, question_type, correct_answer, correct_index, explanation, learn) VALUES (484, 'sd_011', 26, 'What is backpressure?', 'multiple_choice', 'Slowing down producers when consumers are overloaded', 1, 'Backpressure protects systems from overload.', NULL);
INSERT INTO options (id, question_id, option_index, option_text) VALUES (1773, 484, 0, 'Increasing request rate');
INSERT INTO options (id, question_id, option_index, option_text) VALUES (1774, 484, 1, 'Slowing down producers when consumers are overloaded');
INSERT INTO options (id, question_id, option_index, option_text) VALUES (1775, 484, 2, 'Adding more cache');
INSERT INTO options (id, question_id, option_index, option_text) VALUES (1776, 484, 3, 'Retrying failed requests immediately');
INSERT INTO questions (id, external_id, subtopic_id, question, question_type, correct_answer, correct_index, explanation, learn) VALUES (485, 'sd_012', 26, 'What is a circuit breaker pattern?', 'multiple_choice', 'Stops calls to failing services to prevent cascading failures', 1, 'Circuit breakers improve system resilience.', NULL);
INSERT INTO options (id, question_id, option_index, option_text) VALUES (1777, 485, 0, 'Prevents invalid user input');
INSERT INTO options (id, question_id, option_index, option_text) VALUES (1778, 485, 1, 'Stops calls to failing services to prevent cascading failures');
INSERT INTO options (id, question_id, option_index, option_text) VALUES (1779, 485, 2, 'Encrypts API traffic');
INSERT INTO options (id, question_id, option_index, option_text) VALUES (1780, 485, 3, 'Balances load between servers');
INSERT INTO questions (id, external_id, subtopic_id, question, question_type, correct_answer, correct_index, explanation, learn) VALUES (486, 'sd_013', 26, 'What is sharding?', 'multiple_choice', 'Splitting data across multiple databases or nodes', 1, 'Sharding improves scalability for large datasets.', NULL);
INSERT INTO options (id, question_id, option_index, option_text) VALUES (1781, 486, 0, 'Replicating data to multiple nodes');
INSERT INTO options (id, question_id, option_index, option_text) VALUES (1782, 486, 1, 'Splitting data across multiple databases or nodes');
INSERT INTO options (id, question_id, option_index, option_text) VALUES (1783, 486, 2, 'Backing up data');
INSERT INTO options (id, question_id, option_index, option_text) VALUES (1784, 486, 3, 'Encrypting data at rest');
INSERT INTO questions (id, external_id, subtopic_id, question, question_type, correct_answer, correct_index, explanation, learn) VALUES (487, 'sd_014', 26, 'What is a CDN primarily used for?', 'multiple_choice', 'Serving static content closer to users', 1, 'CDNs reduce latency and offload origin servers.', NULL);
INSERT INTO options (id, question_id, option_index, option_text) VALUES (1785, 487, 0, 'Database replication');
INSERT INTO options (id, question_id, option_index, option_text) VALUES (1786, 487, 1, 'Serving static content closer to users');
INSERT INTO options (id, question_id, option_index, option_text) VALUES (1787, 487, 2, 'API authentication');
INSERT INTO options (id, question_id, option_index, option_text) VALUES (1788, 487, 3, 'Job scheduling');
INSERT INTO questions (id, external_id, subtopic_id, question, question_type, correct_answer, correct_index, explanation, learn) VALUES (488, 'sd_015', 26, 'What is a blue-green deployment?', 'multiple_choice', 'Running two identical environments and switching traffic', 1, 'Blue-green reduces downtime and rollback risk.', NULL);
INSERT INTO options (id, question_id, option_index, option_text) VALUES (1789, 488, 0, 'Deploying code to two databases');
INSERT INTO options (id, question_id, option_index, option_text) VALUES (1790, 488, 1, 'Running two identical environments and switching traffic');
INSERT INTO options (id, question_id, option_index, option_text) VALUES (1791, 488, 2, 'Encrypting production traffic');
INSERT INTO options (id, question_id, option_index, option_text) VALUES (1792, 488, 3, 'Running canary tests only');
INSERT INTO questions (id, external_id, subtopic_id, question, question_type, correct_answer, correct_index, explanation, learn) VALUES (489, 'sd_016', 26, 'What is a canary release?', 'multiple_choice', 'Releasing to a small subset of users first', 1, 'Canary releases reduce blast radius.', NULL);
INSERT INTO options (id, question_id, option_index, option_text) VALUES (1793, 489, 0, 'Releasing to all users at once');
INSERT INTO options (id, question_id, option_index, option_text) VALUES (1794, 489, 1, 'Releasing to a small subset of users first');
INSERT INTO options (id, question_id, option_index, option_text) VALUES (1795, 489, 2, 'Deploying only backend services');
INSERT INTO options (id, question_id, option_index, option_text) VALUES (1796, 489, 3, 'Testing only locally');
INSERT INTO questions (id, external_id, subtopic_id, question, question_type, correct_answer, correct_index, explanation, learn) VALUES (490, 'sd_017', 26, 'What is data partitioning?', 'multiple_choice', 'Splitting data for scalability or performance', 1, 'Partitioning improves performance and scalability.', NULL);
INSERT INTO options (id, question_id, option_index, option_text) VALUES (1797, 490, 0, 'Encrypting data');
INSERT INTO options (id, question_id, option_index, option_text) VALUES (1798, 490, 1, 'Splitting data for scalability or performance');
INSERT INTO options (id, question_id, option_index, option_text) VALUES (1799, 490, 2, 'Backing up data');
INSERT INTO options (id, question_id, option_index, option_text) VALUES (1800, 490, 3, 'Normalizing schemas');
INSERT INTO questions (id, external_id, subtopic_id, question, question_type, correct_answer, correct_index, explanation, learn) VALUES (491, 'sd_018', 26, 'What is a hot partition?', 'multiple_choice', 'A partition that receives disproportionate traffic', 1, 'Hot partitions can become bottlenecks.', NULL);
INSERT INTO options (id, question_id, option_index, option_text) VALUES (1801, 491, 0, 'Encrypted partition');
INSERT INTO options (id, question_id, option_index, option_text) VALUES (1802, 491, 1, 'A partition that receives disproportionate traffic');
INSERT INTO options (id, question_id, option_index, option_text) VALUES (1803, 491, 2, 'A partition that is cached');
INSERT INTO options (id, question_id, option_index, option_text) VALUES (1804, 491, 3, 'A partition with backups');
INSERT INTO questions (id, external_id, subtopic_id, question, question_type, correct_answer, correct_index, explanation, learn) VALUES (492, 'sd_019', 26, 'What is idempotency important for?', 'multiple_choice', 'Preventing duplicate effects on retries', 1, 'Idempotency protects against duplicate processing.', NULL);
INSERT INTO options (id, question_id, option_index, option_text) VALUES (1805, 492, 0, 'Faster responses');
INSERT INTO options (id, question_id, option_index, option_text) VALUES (1806, 492, 1, 'Preventing duplicate effects on retries');
INSERT INTO options (id, question_id, option_index, option_text) VALUES (1807, 492, 2, 'Encrypting requests');
INSERT INTO options (id, question_id, option_index, option_text) VALUES (1808, 492, 3, 'Load balancing');
INSERT INTO questions (id, external_id, subtopic_id, question, question_type, correct_answer, correct_index, explanation, learn) VALUES (493, 'sd_020', 26, 'What is a common reason to introduce eventual consistency?', 'multiple_choice', 'To improve scalability and availability', 1, 'Strong consistency can limit scalability.', NULL);
INSERT INTO options (id, question_id, option_index, option_text) VALUES (1809, 493, 0, 'To simplify UI code');
INSERT INTO options (id, question_id, option_index, option_text) VALUES (1810, 493, 1, 'To improve scalability and availability');
INSERT INTO options (id, question_id, option_index, option_text) VALUES (1811, 493, 2, 'To eliminate bugs');
INSERT INTO options (id, question_id, option_index, option_text) VALUES (1812, 493, 3, 'To reduce memory usage');
INSERT INTO questions (id, external_id, subtopic_id, question, question_type, correct_answer, correct_index, explanation, learn) VALUES (494, 'vc_001', 27, 'What is the main purpose of version control?', 'multiple_choice', 'Track changes and collaborate', 1, 'Version control manages code history.', NULL);
INSERT INTO options (id, question_id, option_index, option_text) VALUES (1813, 494, 0, 'Code compilation');
INSERT INTO options (id, question_id, option_index, option_text) VALUES (1814, 494, 1, 'Track changes and collaborate');
INSERT INTO options (id, question_id, option_index, option_text) VALUES (1815, 494, 2, 'Run tests');
INSERT INTO options (id, question_id, option_index, option_text) VALUES (1816, 494, 3, 'Deploy applications');
INSERT INTO questions (id, external_id, subtopic_id, question, question_type, correct_answer, correct_index, explanation, learn) VALUES (495, 'vc_002', 27, 'What is a commit?', 'multiple_choice', 'A saved snapshot of changes', 1, 'Records a set of changes.', NULL);
INSERT INTO options (id, question_id, option_index, option_text) VALUES (1817, 495, 0, 'A branch');
INSERT INTO options (id, question_id, option_index, option_text) VALUES (1818, 495, 1, 'A saved snapshot of changes');
INSERT INTO options (id, question_id, option_index, option_text) VALUES (1819, 495, 2, 'A merge conflict');
INSERT INTO options (id, question_id, option_index, option_text) VALUES (1820, 495, 3, 'A remote repository');
INSERT INTO questions (id, external_id, subtopic_id, question, question_type, correct_answer, correct_index, explanation, learn) VALUES (496, 'vc_003', 27, 'What is a branch?', 'multiple_choice', 'A pointer to a commit sequence', 1, 'Represents a line of development.', NULL);
INSERT INTO options (id, question_id, option_index, option_text) VALUES (1821, 496, 0, 'A copy of the repository');
INSERT INTO options (id, question_id, option_index, option_text) VALUES (1822, 496, 1, 'A pointer to a commit sequence');
INSERT INTO options (id, question_id, option_index, option_text) VALUES (1823, 496, 2, 'A tag');
INSERT INTO options (id, question_id, option_index, option_text) VALUES (1824, 496, 3, 'A stash');
INSERT INTO questions (id, external_id, subtopic_id, question, question_type, correct_answer, correct_index, explanation, learn) VALUES (497, 'vc_004', 27, 'What is a merge?', 'multiple_choice', 'Combining changes from branches', 1, 'Integrates branch work.', NULL);
INSERT INTO options (id, question_id, option_index, option_text) VALUES (1825, 497, 0, 'Deleting a branch');
INSERT INTO options (id, question_id, option_index, option_text) VALUES (1826, 497, 1, 'Combining changes from branches');
INSERT INTO options (id, question_id, option_index, option_text) VALUES (1827, 497, 2, 'Resetting commits');
INSERT INTO options (id, question_id, option_index, option_text) VALUES (1828, 497, 3, 'Reverting history');
INSERT INTO questions (id, external_id, subtopic_id, question, question_type, correct_answer, correct_index, explanation, learn) VALUES (498, 'vc_005', 27, 'What is a merge conflict?', 'multiple_choice', 'Two branches changed same lines', 1, 'Git needs manual resolution.', NULL);
INSERT INTO options (id, question_id, option_index, option_text) VALUES (1829, 498, 0, 'Network failure');
INSERT INTO options (id, question_id, option_index, option_text) VALUES (1830, 498, 1, 'Two branches changed same lines');
INSERT INTO options (id, question_id, option_index, option_text) VALUES (1831, 498, 2, 'Corrupt repository');
INSERT INTO options (id, question_id, option_index, option_text) VALUES (1832, 498, 3, 'Failed push');
INSERT INTO questions (id, external_id, subtopic_id, question, question_type, correct_answer, correct_index, explanation, learn) VALUES (499, 'vc_006', 27, 'What is a pull request (or merge request)?', 'multiple_choice', 'A request to review and merge code', 1, 'Enables code review.', NULL);
INSERT INTO options (id, question_id, option_index, option_text) VALUES (1833, 499, 0, 'A local commit');
INSERT INTO options (id, question_id, option_index, option_text) VALUES (1834, 499, 1, 'A request to review and merge code');
INSERT INTO options (id, question_id, option_index, option_text) VALUES (1835, 499, 2, 'A forced push');
INSERT INTO options (id, question_id, option_index, option_text) VALUES (1836, 499, 3, 'A branch deletion');
INSERT INTO questions (id, external_id, subtopic_id, question, question_type, correct_answer, correct_index, explanation, learn) VALUES (500, 'vc_007', 27, 'What is rebase used for?', 'multiple_choice', 'Rewrite commit history onto another base', 1, 'Linearizes history.', NULL);
INSERT INTO options (id, question_id, option_index, option_text) VALUES (1837, 500, 0, 'Delete commits');
INSERT INTO options (id, question_id, option_index, option_text) VALUES (1838, 500, 1, 'Rewrite commit history onto another base');
INSERT INTO options (id, question_id, option_index, option_text) VALUES (1839, 500, 2, 'Create tags');
INSERT INTO options (id, question_id, option_index, option_text) VALUES (1840, 500, 3, 'Reset repository');
INSERT INTO questions (id, external_id, subtopic_id, question, question_type, correct_answer, correct_index, explanation, learn) VALUES (501, 'vc_008', 27, 'What is a fast-forward merge?', 'multiple_choice', 'A merge where branch pointer just moves forward', 2, 'No divergent history.', NULL);
INSERT INTO options (id, question_id, option_index, option_text) VALUES (1841, 501, 0, 'A merge with conflicts');
INSERT INTO options (id, question_id, option_index, option_text) VALUES (1842, 501, 1, 'A merge that creates a merge commit');
INSERT INTO options (id, question_id, option_index, option_text) VALUES (1843, 501, 2, 'A merge where branch pointer just moves forward');
INSERT INTO options (id, question_id, option_index, option_text) VALUES (1844, 501, 3, 'A forced push');
INSERT INTO questions (id, external_id, subtopic_id, question, question_type, correct_answer, correct_index, explanation, learn) VALUES (502, 'vc_009', 27, 'What is git stash used for?', 'multiple_choice', 'Temporarily save uncommitted changes', 1, 'Cleans working tree.', NULL);
INSERT INTO options (id, question_id, option_index, option_text) VALUES (1845, 502, 0, 'Delete changes');
INSERT INTO options (id, question_id, option_index, option_text) VALUES (1846, 502, 1, 'Temporarily save uncommitted changes');
INSERT INTO options (id, question_id, option_index, option_text) VALUES (1847, 502, 2, 'Push to remote');
INSERT INTO options (id, question_id, option_index, option_text) VALUES (1848, 502, 3, 'Reset commits');
INSERT INTO questions (id, external_id, subtopic_id, question, question_type, correct_answer, correct_index, explanation, learn) VALUES (503, 'vc_010', 27, 'What is a tag?', 'multiple_choice', 'A pointer to a specific commit, often for releases', 1, 'Marks important points.', NULL);
INSERT INTO options (id, question_id, option_index, option_text) VALUES (1849, 503, 0, 'A branch');
INSERT INTO options (id, question_id, option_index, option_text) VALUES (1850, 503, 1, 'A pointer to a specific commit, often for releases');
INSERT INTO options (id, question_id, option_index, option_text) VALUES (1851, 503, 2, 'A merge');
INSERT INTO options (id, question_id, option_index, option_text) VALUES (1852, 503, 3, 'A stash');
INSERT INTO questions (id, external_id, subtopic_id, question, question_type, correct_answer, correct_index, explanation, learn) VALUES (504, 'vc_011', 27, 'What does git reset --hard do?', 'multiple_choice', 'Reset branch and working tree, discarding changes', 1, 'Destructive operation.', NULL);
INSERT INTO options (id, question_id, option_index, option_text) VALUES (1853, 504, 0, 'Revert a commit safely');
INSERT INTO options (id, question_id, option_index, option_text) VALUES (1854, 504, 1, 'Reset branch and working tree, discarding changes');
INSERT INTO options (id, question_id, option_index, option_text) VALUES (1855, 504, 2, 'Delete repository');
INSERT INTO options (id, question_id, option_index, option_text) VALUES (1856, 504, 3, 'Push changes');
INSERT INTO questions (id, external_id, subtopic_id, question, question_type, correct_answer, correct_index, explanation, learn) VALUES (505, 'vc_012', 27, 'What is git revert used for?', 'multiple_choice', 'Create a new commit that undoes a previous commit', 1, 'Safe for shared branches.', NULL);
INSERT INTO options (id, question_id, option_index, option_text) VALUES (1857, 505, 0, 'Delete commit history');
INSERT INTO options (id, question_id, option_index, option_text) VALUES (1858, 505, 1, 'Create a new commit that undoes a previous commit');
INSERT INTO options (id, question_id, option_index, option_text) VALUES (1859, 505, 2, 'Reset working tree');
INSERT INTO options (id, question_id, option_index, option_text) VALUES (1860, 505, 3, 'Force push');
INSERT INTO questions (id, external_id, subtopic_id, question, question_type, correct_answer, correct_index, explanation, learn) VALUES (506, 'vc_013', 27, 'What is a detached HEAD?', 'multiple_choice', 'HEAD pointing directly to a commit, not a branch', 1, 'Not on a branch.', NULL);
INSERT INTO options (id, question_id, option_index, option_text) VALUES (1861, 506, 0, 'Corrupt repository');
INSERT INTO options (id, question_id, option_index, option_text) VALUES (1862, 506, 1, 'HEAD pointing directly to a commit, not a branch');
INSERT INTO options (id, question_id, option_index, option_text) VALUES (1863, 506, 2, 'Missing remote');
INSERT INTO options (id, question_id, option_index, option_text) VALUES (1864, 506, 3, 'Broken merge');
INSERT INTO questions (id, external_id, subtopic_id, question, question_type, correct_answer, correct_index, explanation, learn) VALUES (507, 'vc_014', 27, 'What is the purpose of .gitignore?', 'multiple_choice', 'Ignore files from being tracked', 1, 'Prevents accidental commits.', NULL);
INSERT INTO options (id, question_id, option_index, option_text) VALUES (1865, 507, 0, 'Ignore commits');
INSERT INTO options (id, question_id, option_index, option_text) VALUES (1866, 507, 1, 'Ignore files from being tracked');
INSERT INTO options (id, question_id, option_index, option_text) VALUES (1867, 507, 2, 'Ignore branches');
INSERT INTO options (id, question_id, option_index, option_text) VALUES (1868, 507, 3, 'Ignore merges');
INSERT INTO questions (id, external_id, subtopic_id, question, question_type, correct_answer, correct_index, explanation, learn) VALUES (508, 'vc_015', 27, 'What is cherry-pick?', 'multiple_choice', 'Apply a specific commit onto another branch', 1, 'Selective commit application.', NULL);
INSERT INTO options (id, question_id, option_index, option_text) VALUES (1869, 508, 0, 'Merge all commits');
INSERT INTO options (id, question_id, option_index, option_text) VALUES (1870, 508, 1, 'Apply a specific commit onto another branch');
INSERT INTO options (id, question_id, option_index, option_text) VALUES (1871, 508, 2, 'Delete a branch');
INSERT INTO options (id, question_id, option_index, option_text) VALUES (1872, 508, 3, 'Rebase a branch');
INSERT INTO questions (id, external_id, subtopic_id, question, question_type, correct_answer, correct_index, explanation, learn) VALUES (509, 'vc_016', 27, 'What is git fetch?', 'multiple_choice', 'Download remote changes without merging', 1, 'Updates remote refs.', NULL);
INSERT INTO options (id, question_id, option_index, option_text) VALUES (1873, 509, 0, 'Merge remote changes');
INSERT INTO options (id, question_id, option_index, option_text) VALUES (1874, 509, 1, 'Download remote changes without merging');
INSERT INTO options (id, question_id, option_index, option_text) VALUES (1875, 509, 2, 'Push changes');
INSERT INTO options (id, question_id, option_index, option_text) VALUES (1876, 509, 3, 'Reset branch');
INSERT INTO questions (id, external_id, subtopic_id, question, question_type, correct_answer, correct_index, explanation, learn) VALUES (510, 'vc_017', 27, 'What is git pull?', 'multiple_choice', 'Fetch + merge (or rebase)', 2, 'Updates local branch.', NULL);
INSERT INTO options (id, question_id, option_index, option_text) VALUES (1877, 510, 0, 'Fetch only');
INSERT INTO options (id, question_id, option_index, option_text) VALUES (1878, 510, 1, 'Merge only');
INSERT INTO options (id, question_id, option_index, option_text) VALUES (1879, 510, 2, 'Fetch + merge (or rebase)');
INSERT INTO options (id, question_id, option_index, option_text) VALUES (1880, 510, 3, 'Push + merge');
INSERT INTO questions (id, external_id, subtopic_id, question, question_type, correct_answer, correct_index, explanation, learn) VALUES (511, 'vc_018', 27, 'What is a protected branch?', 'multiple_choice', 'A branch with restricted direct pushes', 1, 'Enforces workflow rules.', NULL);
INSERT INTO options (id, question_id, option_index, option_text) VALUES (1881, 511, 0, 'A hidden branch');
INSERT INTO options (id, question_id, option_index, option_text) VALUES (1882, 511, 1, 'A branch with restricted direct pushes');
INSERT INTO options (id, question_id, option_index, option_text) VALUES (1883, 511, 2, 'A local-only branch');
INSERT INTO options (id, question_id, option_index, option_text) VALUES (1884, 511, 3, 'A deleted branch');
INSERT INTO questions (id, external_id, subtopic_id, question, question_type, correct_answer, correct_index, explanation, learn) VALUES (512, 'vc_019', 27, 'What is semantic versioning?', 'multiple_choice', 'major.minor.patch versioning', 1, 'Communicates breaking changes.', NULL);
INSERT INTO options (id, question_id, option_index, option_text) VALUES (1885, 512, 0, 'vYYYY.MM');
INSERT INTO options (id, question_id, option_index, option_text) VALUES (1886, 512, 1, 'major.minor.patch versioning');
INSERT INTO options (id, question_id, option_index, option_text) VALUES (1887, 512, 2, 'Random version numbers');
INSERT INTO options (id, question_id, option_index, option_text) VALUES (1888, 512, 3, 'Commit hash versioning');
INSERT INTO questions (id, external_id, subtopic_id, question, question_type, correct_answer, correct_index, explanation, learn) VALUES (513, 'vc_020', 27, 'Why is force push dangerous on shared branches?', 'multiple_choice', 'Can rewrite history and lose others'' commits', 1, 'Disrupts collaborators.', NULL);
INSERT INTO options (id, question_id, option_index, option_text) VALUES (1889, 513, 0, 'Slows down CI');
INSERT INTO options (id, question_id, option_index, option_text) VALUES (1890, 513, 1, 'Can rewrite history and lose others'' commits');
INSERT INTO options (id, question_id, option_index, option_text) VALUES (1891, 513, 2, 'Breaks tags');
INSERT INTO options (id, question_id, option_index, option_text) VALUES (1892, 513, 3, 'Deletes branches');
